CREATE DATABASE  IF NOT EXISTS `smartbike_db` /*!40100 DEFAULT CHARACTER SET utf8mb4 COLLATE utf8mb4_0900_ai_ci */ /*!80016 DEFAULT ENCRYPTION='N' */;
USE `smartbike_db`;
-- MySQL dump 10.13  Distrib 8.0.45, for Win64 (x86_64)
--
-- Host: localhost    Database: smartbike_db
-- ------------------------------------------------------
-- Server version	8.0.44

/*!40101 SET @OLD_CHARACTER_SET_CLIENT=@@CHARACTER_SET_CLIENT */;
/*!40101 SET @OLD_CHARACTER_SET_RESULTS=@@CHARACTER_SET_RESULTS */;
/*!40101 SET @OLD_COLLATION_CONNECTION=@@COLLATION_CONNECTION */;
/*!50503 SET NAMES utf8 */;
/*!40103 SET @OLD_TIME_ZONE=@@TIME_ZONE */;
/*!40103 SET TIME_ZONE='+00:00' */;
/*!40014 SET @OLD_UNIQUE_CHECKS=@@UNIQUE_CHECKS, UNIQUE_CHECKS=0 */;
/*!40014 SET @OLD_FOREIGN_KEY_CHECKS=@@FOREIGN_KEY_CHECKS, FOREIGN_KEY_CHECKS=0 */;
/*!40101 SET @OLD_SQL_MODE=@@SQL_MODE, SQL_MODE='NO_AUTO_VALUE_ON_ZERO' */;
/*!40111 SET @OLD_SQL_NOTES=@@SQL_NOTES, SQL_NOTES=0 */;

--
-- Table structure for table `auth_group`
--

DROP TABLE IF EXISTS `auth_group`;
/*!40101 SET @saved_cs_client     = @@character_set_client */;
/*!50503 SET character_set_client = utf8mb4 */;
CREATE TABLE `auth_group` (
  `id` int NOT NULL AUTO_INCREMENT,
  `name` varchar(150) NOT NULL,
  PRIMARY KEY (`id`),
  UNIQUE KEY `name` (`name`)
) ENGINE=InnoDB DEFAULT CHARSET=utf8mb4 COLLATE=utf8mb4_0900_ai_ci;
/*!40101 SET character_set_client = @saved_cs_client */;

--
-- Dumping data for table `auth_group`
--

LOCK TABLES `auth_group` WRITE;
/*!40000 ALTER TABLE `auth_group` DISABLE KEYS */;
/*!40000 ALTER TABLE `auth_group` ENABLE KEYS */;
UNLOCK TABLES;

--
-- Table structure for table `auth_group_permissions`
--

DROP TABLE IF EXISTS `auth_group_permissions`;
/*!40101 SET @saved_cs_client     = @@character_set_client */;
/*!50503 SET character_set_client = utf8mb4 */;
CREATE TABLE `auth_group_permissions` (
  `id` bigint NOT NULL AUTO_INCREMENT,
  `group_id` int NOT NULL,
  `permission_id` int NOT NULL,
  PRIMARY KEY (`id`),
  UNIQUE KEY `auth_group_permissions_group_id_permission_id_0cd325b0_uniq` (`group_id`,`permission_id`),
  KEY `auth_group_permissio_permission_id_84c5c92e_fk_auth_perm` (`permission_id`),
  CONSTRAINT `auth_group_permissio_permission_id_84c5c92e_fk_auth_perm` FOREIGN KEY (`permission_id`) REFERENCES `auth_permission` (`id`),
  CONSTRAINT `auth_group_permissions_group_id_b120cbf9_fk_auth_group_id` FOREIGN KEY (`group_id`) REFERENCES `auth_group` (`id`)
) ENGINE=InnoDB DEFAULT CHARSET=utf8mb4 COLLATE=utf8mb4_0900_ai_ci;
/*!40101 SET character_set_client = @saved_cs_client */;

--
-- Dumping data for table `auth_group_permissions`
--

LOCK TABLES `auth_group_permissions` WRITE;
/*!40000 ALTER TABLE `auth_group_permissions` DISABLE KEYS */;
/*!40000 ALTER TABLE `auth_group_permissions` ENABLE KEYS */;
UNLOCK TABLES;

--
-- Table structure for table `auth_permission`
--

DROP TABLE IF EXISTS `auth_permission`;
/*!40101 SET @saved_cs_client     = @@character_set_client */;
/*!50503 SET character_set_client = utf8mb4 */;
CREATE TABLE `auth_permission` (
  `id` int NOT NULL AUTO_INCREMENT,
  `name` varchar(255) NOT NULL,
  `content_type_id` int NOT NULL,
  `codename` varchar(100) NOT NULL,
  PRIMARY KEY (`id`),
  UNIQUE KEY `auth_permission_content_type_id_codename_01ab375a_uniq` (`content_type_id`,`codename`),
  CONSTRAINT `auth_permission_content_type_id_2f476e4b_fk_django_co` FOREIGN KEY (`content_type_id`) REFERENCES `django_content_type` (`id`)
) ENGINE=InnoDB AUTO_INCREMENT=33 DEFAULT CHARSET=utf8mb4 COLLATE=utf8mb4_0900_ai_ci;
/*!40101 SET character_set_client = @saved_cs_client */;

--
-- Dumping data for table `auth_permission`
--

LOCK TABLES `auth_permission` WRITE;
/*!40000 ALTER TABLE `auth_permission` DISABLE KEYS */;
INSERT INTO `auth_permission` VALUES (1,'Can add log entry',1,'add_logentry'),(2,'Can change log entry',1,'change_logentry'),(3,'Can delete log entry',1,'delete_logentry'),(4,'Can view log entry',1,'view_logentry'),(5,'Can add permission',3,'add_permission'),(6,'Can change permission',3,'change_permission'),(7,'Can delete permission',3,'delete_permission'),(8,'Can view permission',3,'view_permission'),(9,'Can add group',2,'add_group'),(10,'Can change group',2,'change_group'),(11,'Can delete group',2,'delete_group'),(12,'Can view group',2,'view_group'),(13,'Can add user',4,'add_user'),(14,'Can change user',4,'change_user'),(15,'Can delete user',4,'delete_user'),(16,'Can view user',4,'view_user'),(17,'Can add content type',5,'add_contenttype'),(18,'Can change content type',5,'change_contenttype'),(19,'Can delete content type',5,'delete_contenttype'),(20,'Can view content type',5,'view_contenttype'),(21,'Can add session',6,'add_session'),(22,'Can change session',6,'change_session'),(23,'Can delete session',6,'delete_session'),(24,'Can view session',6,'view_session'),(25,'Can add zone',8,'add_zone'),(26,'Can change zone',8,'change_zone'),(27,'Can delete zone',8,'delete_zone'),(28,'Can view zone',8,'view_zone'),(29,'Can add bike',7,'add_bike'),(30,'Can change bike',7,'change_bike'),(31,'Can delete bike',7,'delete_bike'),(32,'Can view bike',7,'view_bike');
/*!40000 ALTER TABLE `auth_permission` ENABLE KEYS */;
UNLOCK TABLES;

--
-- Table structure for table `auth_user`
--

DROP TABLE IF EXISTS `auth_user`;
/*!40101 SET @saved_cs_client     = @@character_set_client */;
/*!50503 SET character_set_client = utf8mb4 */;
CREATE TABLE `auth_user` (
  `id` int NOT NULL AUTO_INCREMENT,
  `password` varchar(128) NOT NULL,
  `last_login` datetime(6) DEFAULT NULL,
  `is_superuser` tinyint(1) NOT NULL,
  `username` varchar(150) NOT NULL,
  `first_name` varchar(150) NOT NULL,
  `last_name` varchar(150) NOT NULL,
  `email` varchar(254) NOT NULL,
  `is_staff` tinyint(1) NOT NULL,
  `is_active` tinyint(1) NOT NULL,
  `date_joined` datetime(6) NOT NULL,
  PRIMARY KEY (`id`),
  UNIQUE KEY `username` (`username`)
) ENGINE=InnoDB AUTO_INCREMENT=3 DEFAULT CHARSET=utf8mb4 COLLATE=utf8mb4_0900_ai_ci;
/*!40101 SET character_set_client = @saved_cs_client */;

--
-- Dumping data for table `auth_user`
--

LOCK TABLES `auth_user` WRITE;
/*!40000 ALTER TABLE `auth_user` DISABLE KEYS */;
INSERT INTO `auth_user` VALUES (1,'pbkdf2_sha256$1200000$D3cc1WomvTzgtlRlAbWAWN$UwtPPi4Up8K2dTnfkydIgXqcyd8P1+w+d/aSliwUaG0=','2026-05-02 15:25:34.026302',1,'admin','','','',1,1,'2026-05-02 14:54:29.914049'),(2,'pbkdf2_sha256$1200000$EGmZH6wCUCya03C3KDyIbd$CAAfc1c7KaRMtqUX8SbaoVXlA7+vRoWzVhCd1X5e3m0=','2026-05-10 12:27:39.460541',0,'rukiye','rukiye','uzun','rukiyeuzun2004nur@gmail.com',0,1,'2026-05-02 15:27:22.972892');
/*!40000 ALTER TABLE `auth_user` ENABLE KEYS */;
UNLOCK TABLES;

--
-- Table structure for table `auth_user_groups`
--

DROP TABLE IF EXISTS `auth_user_groups`;
/*!40101 SET @saved_cs_client     = @@character_set_client */;
/*!50503 SET character_set_client = utf8mb4 */;
CREATE TABLE `auth_user_groups` (
  `id` bigint NOT NULL AUTO_INCREMENT,
  `user_id` int NOT NULL,
  `group_id` int NOT NULL,
  PRIMARY KEY (`id`),
  UNIQUE KEY `auth_user_groups_user_id_group_id_94350c0c_uniq` (`user_id`,`group_id`),
  KEY `auth_user_groups_group_id_97559544_fk_auth_group_id` (`group_id`),
  CONSTRAINT `auth_user_groups_group_id_97559544_fk_auth_group_id` FOREIGN KEY (`group_id`) REFERENCES `auth_group` (`id`),
  CONSTRAINT `auth_user_groups_user_id_6a12ed8b_fk_auth_user_id` FOREIGN KEY (`user_id`) REFERENCES `auth_user` (`id`)
) ENGINE=InnoDB DEFAULT CHARSET=utf8mb4 COLLATE=utf8mb4_0900_ai_ci;
/*!40101 SET character_set_client = @saved_cs_client */;

--
-- Dumping data for table `auth_user_groups`
--

LOCK TABLES `auth_user_groups` WRITE;
/*!40000 ALTER TABLE `auth_user_groups` DISABLE KEYS */;
/*!40000 ALTER TABLE `auth_user_groups` ENABLE KEYS */;
UNLOCK TABLES;

--
-- Table structure for table `auth_user_user_permissions`
--

DROP TABLE IF EXISTS `auth_user_user_permissions`;
/*!40101 SET @saved_cs_client     = @@character_set_client */;
/*!50503 SET character_set_client = utf8mb4 */;
CREATE TABLE `auth_user_user_permissions` (
  `id` bigint NOT NULL AUTO_INCREMENT,
  `user_id` int NOT NULL,
  `permission_id` int NOT NULL,
  PRIMARY KEY (`id`),
  UNIQUE KEY `auth_user_user_permissions_user_id_permission_id_14a6b632_uniq` (`user_id`,`permission_id`),
  KEY `auth_user_user_permi_permission_id_1fbb5f2c_fk_auth_perm` (`permission_id`),
  CONSTRAINT `auth_user_user_permi_permission_id_1fbb5f2c_fk_auth_perm` FOREIGN KEY (`permission_id`) REFERENCES `auth_permission` (`id`),
  CONSTRAINT `auth_user_user_permissions_user_id_a95ead1b_fk_auth_user_id` FOREIGN KEY (`user_id`) REFERENCES `auth_user` (`id`)
) ENGINE=InnoDB DEFAULT CHARSET=utf8mb4 COLLATE=utf8mb4_0900_ai_ci;
/*!40101 SET character_set_client = @saved_cs_client */;

--
-- Dumping data for table `auth_user_user_permissions`
--

LOCK TABLES `auth_user_user_permissions` WRITE;
/*!40000 ALTER TABLE `auth_user_user_permissions` DISABLE KEYS */;
/*!40000 ALTER TABLE `auth_user_user_permissions` ENABLE KEYS */;
UNLOCK TABLES;

--
-- Table structure for table `django_admin_log`
--

DROP TABLE IF EXISTS `django_admin_log`;
/*!40101 SET @saved_cs_client     = @@character_set_client */;
/*!50503 SET character_set_client = utf8mb4 */;
CREATE TABLE `django_admin_log` (
  `id` int NOT NULL AUTO_INCREMENT,
  `action_time` datetime(6) NOT NULL,
  `object_id` longtext,
  `object_repr` varchar(200) NOT NULL,
  `action_flag` smallint unsigned NOT NULL,
  `change_message` longtext NOT NULL,
  `content_type_id` int DEFAULT NULL,
  `user_id` int NOT NULL,
  PRIMARY KEY (`id`),
  KEY `django_admin_log_content_type_id_c4bce8eb_fk_django_co` (`content_type_id`),
  KEY `django_admin_log_user_id_c564eba6_fk_auth_user_id` (`user_id`),
  CONSTRAINT `django_admin_log_content_type_id_c4bce8eb_fk_django_co` FOREIGN KEY (`content_type_id`) REFERENCES `django_content_type` (`id`),
  CONSTRAINT `django_admin_log_user_id_c564eba6_fk_auth_user_id` FOREIGN KEY (`user_id`) REFERENCES `auth_user` (`id`),
  CONSTRAINT `django_admin_log_chk_1` CHECK ((`action_flag` >= 0))
) ENGINE=InnoDB DEFAULT CHARSET=utf8mb4 COLLATE=utf8mb4_0900_ai_ci;
/*!40101 SET character_set_client = @saved_cs_client */;

--
-- Dumping data for table `django_admin_log`
--

LOCK TABLES `django_admin_log` WRITE;
/*!40000 ALTER TABLE `django_admin_log` DISABLE KEYS */;
/*!40000 ALTER TABLE `django_admin_log` ENABLE KEYS */;
UNLOCK TABLES;

--
-- Table structure for table `django_content_type`
--

DROP TABLE IF EXISTS `django_content_type`;
/*!40101 SET @saved_cs_client     = @@character_set_client */;
/*!50503 SET character_set_client = utf8mb4 */;
CREATE TABLE `django_content_type` (
  `id` int NOT NULL AUTO_INCREMENT,
  `app_label` varchar(100) NOT NULL,
  `model` varchar(100) NOT NULL,
  PRIMARY KEY (`id`),
  UNIQUE KEY `django_content_type_app_label_model_76bd3d3b_uniq` (`app_label`,`model`)
) ENGINE=InnoDB AUTO_INCREMENT=9 DEFAULT CHARSET=utf8mb4 COLLATE=utf8mb4_0900_ai_ci;
/*!40101 SET character_set_client = @saved_cs_client */;

--
-- Dumping data for table `django_content_type`
--

LOCK TABLES `django_content_type` WRITE;
/*!40000 ALTER TABLE `django_content_type` DISABLE KEYS */;
INSERT INTO `django_content_type` VALUES (1,'admin','logentry'),(2,'auth','group'),(3,'auth','permission'),(4,'auth','user'),(5,'contenttypes','contenttype'),(7,'rentals','bike'),(8,'rentals','zone'),(6,'sessions','session');
/*!40000 ALTER TABLE `django_content_type` ENABLE KEYS */;
UNLOCK TABLES;

--
-- Table structure for table `django_migrations`
--

DROP TABLE IF EXISTS `django_migrations`;
/*!40101 SET @saved_cs_client     = @@character_set_client */;
/*!50503 SET character_set_client = utf8mb4 */;
CREATE TABLE `django_migrations` (
  `id` bigint NOT NULL AUTO_INCREMENT,
  `app` varchar(255) NOT NULL,
  `name` varchar(255) NOT NULL,
  `applied` datetime(6) NOT NULL,
  PRIMARY KEY (`id`)
) ENGINE=InnoDB AUTO_INCREMENT=21 DEFAULT CHARSET=utf8mb4 COLLATE=utf8mb4_0900_ai_ci;
/*!40101 SET character_set_client = @saved_cs_client */;

--
-- Dumping data for table `django_migrations`
--

LOCK TABLES `django_migrations` WRITE;
/*!40000 ALTER TABLE `django_migrations` DISABLE KEYS */;
INSERT INTO `django_migrations` VALUES (1,'contenttypes','0001_initial','2026-05-02 14:41:00.089973'),(2,'auth','0001_initial','2026-05-02 14:41:00.354315'),(3,'admin','0001_initial','2026-05-02 14:41:00.416594'),(4,'admin','0002_logentry_remove_auto_add','2026-05-02 14:41:00.421093'),(5,'admin','0003_logentry_add_action_flag_choices','2026-05-02 14:41:00.425084'),(6,'contenttypes','0002_remove_content_type_name','2026-05-02 14:41:00.575257'),(7,'auth','0002_alter_permission_name_max_length','2026-05-02 14:41:00.603531'),(8,'auth','0003_alter_user_email_max_length','2026-05-02 14:41:00.617033'),(9,'auth','0004_alter_user_username_opts','2026-05-02 14:41:00.621241'),(10,'auth','0005_alter_user_last_login_null','2026-05-02 14:41:00.649530'),(11,'auth','0006_require_contenttypes_0002','2026-05-02 14:41:00.652029'),(12,'auth','0007_alter_validators_add_error_messages','2026-05-02 14:41:00.656557'),(13,'auth','0008_alter_user_username_max_length','2026-05-02 14:41:00.692159'),(14,'auth','0009_alter_user_last_name_max_length','2026-05-02 14:41:00.724769'),(15,'auth','0010_alter_group_name_max_length','2026-05-02 14:41:00.736054'),(16,'auth','0011_update_proxy_permissions','2026-05-02 14:41:00.740734'),(17,'auth','0012_alter_user_first_name_max_length','2026-05-02 14:41:00.774330'),(18,'sessions','0001_initial','2026-05-02 14:41:00.790792'),(19,'rentals','0001_initial','2026-05-04 07:22:18.442959'),(20,'rentals','0002_rentalsdemanddata_alter_bike_id_alter_zone_id_and_more','2026-05-09 14:43:17.457217');
/*!40000 ALTER TABLE `django_migrations` ENABLE KEYS */;
UNLOCK TABLES;

--
-- Table structure for table `django_session`
--

DROP TABLE IF EXISTS `django_session`;
/*!40101 SET @saved_cs_client     = @@character_set_client */;
/*!50503 SET character_set_client = utf8mb4 */;
CREATE TABLE `django_session` (
  `session_key` varchar(40) NOT NULL,
  `session_data` longtext NOT NULL,
  `expire_date` datetime(6) NOT NULL,
  PRIMARY KEY (`session_key`),
  KEY `django_session_expire_date_a5c62663` (`expire_date`)
) ENGINE=InnoDB DEFAULT CHARSET=utf8mb4 COLLATE=utf8mb4_0900_ai_ci;
/*!40101 SET character_set_client = @saved_cs_client */;

--
-- Dumping data for table `django_session`
--

LOCK TABLES `django_session` WRITE;
/*!40000 ALTER TABLE `django_session` DISABLE KEYS */;
INSERT INTO `django_session` VALUES ('nzcf16eo7tc8qalnmiguwsp4e7ig1xd0','.eJxVjMsOgjAQAP9lz6bZ7YO2HL37Dc22XQQ1kFA4Gf_dkHDQ68xk3pB438a0N1nTVKEHDZdflrk8ZT5EffB8X1RZ5m2dsjoSddqmbkuV1_Vs_wYjtxF64A4posEYtA2uI9NllOqtSCDUwlYX57PPIRI7X-ogZL3BITrSGtnA5wuuCTak:1wM3Fz:3sAfxvcS3ArMmgYLXuinJfjd8P69W8Xi5e9BlV2jbJ8','2026-05-24 12:27:39.463814');
/*!40000 ALTER TABLE `django_session` ENABLE KEYS */;
UNLOCK TABLES;

--
-- Table structure for table `rentals_bike`
--

DROP TABLE IF EXISTS `rentals_bike`;
/*!40101 SET @saved_cs_client     = @@character_set_client */;
/*!50503 SET character_set_client = utf8mb4 */;
CREATE TABLE `rentals_bike` (
  `id` int NOT NULL AUTO_INCREMENT,
  `bike_number` varchar(10) NOT NULL,
  `bike_type` varchar(50) NOT NULL,
  `status` varchar(20) NOT NULL,
  `zone_id` int NOT NULL,
  PRIMARY KEY (`id`),
  KEY `rentals_bike_zone_id_f9d463cc_fk_rentals_zone_id` (`zone_id`),
  CONSTRAINT `rentals_bike_zone_id_f9d463cc_fk_rentals_zone_id` FOREIGN KEY (`zone_id`) REFERENCES `rentals_zone` (`id`)
) ENGINE=InnoDB AUTO_INCREMENT=44 DEFAULT CHARSET=utf8mb4 COLLATE=utf8mb4_0900_ai_ci;
/*!40101 SET character_set_client = @saved_cs_client */;

--
-- Dumping data for table `rentals_bike`
--

LOCK TABLES `rentals_bike` WRITE;
/*!40000 ALTER TABLE `rentals_bike` DISABLE KEYS */;
INSERT INTO `rentals_bike` VALUES (1,'M-001','Standard','available',1),(2,'M-002','Standard','available',1),(3,'M-003','Standard','reserved',1),(4,'M-004','Standard','available',1),(5,'M-005','Standard','unavailable',1),(6,'M-006','Standard','available',1),(7,'M-007','Standard','reserved',1),(8,'O-001','Standard','available',2),(9,'O-002','Standard','reserved',2),(10,'O-003','Standard','available',2),(11,'O-004','Standard','available',2),(12,'O-005','Standard','unavailable',2),(13,'O-006','Standard','available',2),(14,'O-007','Standard','reserved',2),(15,'O-008','Standard','available',2),(16,'W-001','Standard','available',3),(17,'W-002','Standard','available',3),(18,'W-003','Standard','available',3),(19,'W-004','Standard','reserved',3),(20,'W-005','Standard','available',3),(21,'W-006','Standard','unavailable',3),(22,'W-007','Standard','available',3),(23,'U-001','Standard','reserved',4),(24,'U-002','Standard','available',4),(25,'U-003','Standard','reserved',4),(26,'U-004','Standard','available',4),(27,'U-005','Standard','available',4),(28,'U-006','Standard','unavailable',4),(29,'U-007','Standard','reserved',4),(30,'U-008','Standard','reserved',4),(31,'U-009','Standard','available',4),(32,'U-010','Standard','available',4),(33,'U-011','Standard','available',4),(34,'U-012','Standard','reserved',4),(35,'U-013','Standard','available',4),(36,'U-014','Standard','unavailable',4),(37,'U-015','Standard','available',4),(38,'D-001','Standard','available',5),(39,'D-002','Standard','unavailable',5),(40,'D-003','Standard','available',5),(41,'D-004','Standard','reserved',5),(42,'D-005','Standard','available',5),(43,'D-010','Standard','available',5);
/*!40000 ALTER TABLE `rentals_bike` ENABLE KEYS */;
UNLOCK TABLES;

--
-- Table structure for table `rentals_demanddata`
--

DROP TABLE IF EXISTS `rentals_demanddata`;
/*!40101 SET @saved_cs_client     = @@character_set_client */;
/*!50503 SET character_set_client = utf8mb4 */;
CREATE TABLE `rentals_demanddata` (
  `timestamp` text,
  `zone` text,
  `is_weekend` int DEFAULT NULL,
  `temperature_c` double DEFAULT NULL,
  `rain_mm` double DEFAULT NULL,
  `event_score` double DEFAULT NULL,
  `commute_index` double DEFAULT NULL,
  `bike_demand` int DEFAULT NULL
) ENGINE=InnoDB DEFAULT CHARSET=utf8mb4 COLLATE=utf8mb4_0900_ai_ci;
/*!40101 SET character_set_client = @saved_cs_client */;

--
-- Dumping data for table `rentals_demanddata`
--

LOCK TABLES `rentals_demanddata` WRITE;
/*!40000 ALTER TABLE `rentals_demanddata` DISABLE KEYS */;
INSERT INTO `rentals_demanddata` VALUES ('2025-01-01T00:00:00','OldTown',0,14.7,2.63,3.25,0.69,76),('2025-01-01T01:00:00','OldTown',0,11.99,0,2.57,0.69,84),('2025-01-01T02:00:00','Waterfront',0,14.61,0,1.81,0.88,78),('2025-01-01T03:00:00','Waterfront',0,15.7,2.15,6.62,0.88,92),('2025-01-01T04:00:00','Waterfront',0,13.1,1.86,6.32,0.64,78),('2025-01-01T05:00:00','Midtown',0,14.78,2.36,4.14,0.81,68),('2025-01-01T06:00:00','Downtown',0,12.21,0.52,5.71,0.95,89),('2025-01-01T07:00:00','University',0,12.1,2.1,3.23,1.53,101),('2025-01-01T08:00:00','Waterfront',0,16.25,0,4.5,1.83,116),('2025-01-01T09:00:00','OldTown',0,15.48,2.64,2.69,1.75,93),('2025-01-01T10:00:00','Waterfront',0,15.67,2.11,4.67,1,81),('2025-01-01T11:00:00','Waterfront',0,16.29,0,3.23,0.61,80),('2025-01-01T12:00:00','Midtown',0,14.13,4.84,4.79,0.83,74),('2025-01-01T13:00:00','University',0,14.16,0,4.9,0.71,85),('2025-01-01T14:00:00','University',0,15.96,0,2.2,0.77,79),('2025-01-01T15:00:00','University',0,14.83,0.34,3.52,0.64,87),('2025-01-01T16:00:00','OldTown',0,16.3,0.62,3.34,0.75,100),('2025-01-01T17:00:00','OldTown',0,16.69,1.15,6.19,1.77,112),('2025-01-01T18:00:00','Waterfront',0,16.19,1.39,1.19,1.62,96),('2025-01-01T19:00:00','Waterfront',0,17.35,1.32,3.18,1.54,88),('2025-01-01T20:00:00','OldTown',0,16.75,0,2.94,0.75,102),('2025-01-01T21:00:00','Waterfront',0,17.19,4.99,1.12,0.64,60),('2025-01-01T22:00:00','Downtown',0,17.04,1.96,1.51,0.62,95),('2025-01-01T23:00:00','University',0,16.36,0,5.23,0.81,70),('2025-01-02T00:00:00','University',0,13.39,0,3.39,0.71,94),('2025-01-02T01:00:00','Midtown',0,17.44,0,3.1,0.89,77),('2025-01-02T02:00:00','Waterfront',0,17.82,0.06,1.26,0.81,93),('2025-01-02T03:00:00','Downtown',0,13.01,2.08,0.49,0.6,66),('2025-01-02T04:00:00','University',0,14.1,4.16,0.78,0.63,67),('2025-01-02T05:00:00','University',0,15.7,3.87,2.31,0.83,54),('2025-01-02T06:00:00','Midtown',0,16.98,1.61,1.78,0.64,70),('2025-01-02T07:00:00','Downtown',0,17.42,1.99,5.74,1.76,112),('2025-01-02T08:00:00','Midtown',0,15.17,0,6.37,1.6,114),('2025-01-02T09:00:00','OldTown',0,14.12,3.03,0,1.53,89),('2025-01-02T10:00:00','University',0,13.74,0,0.96,0.61,94),('2025-01-02T11:00:00','Downtown',0,14.13,2.87,1.62,0.76,75),('2025-01-02T12:00:00','OldTown',0,14.18,2.99,3.03,0.97,82),('2025-01-02T13:00:00','Downtown',0,16.71,0,1.71,0.69,86),('2025-01-02T14:00:00','OldTown',0,16.35,0,2.13,0.62,75),('2025-01-02T15:00:00','OldTown',0,14.29,0.13,3.79,0.67,86),('2025-01-02T16:00:00','Downtown',0,13.89,2.38,1.45,0.98,67),('2025-01-02T17:00:00','Waterfront',0,16.7,0.2,0.69,1.71,107),('2025-01-02T18:00:00','Waterfront',0,14.67,0.92,1.56,1.66,94),('2025-01-02T19:00:00','OldTown',0,18.34,0,3.25,1.75,109),('2025-01-02T20:00:00','University',0,18.73,2.32,3.62,0.71,102),('2025-01-02T21:00:00','OldTown',0,15.64,0,5.08,0.88,111),('2025-01-02T22:00:00','Downtown',0,18.76,1.98,0.7,0.87,60),('2025-01-02T23:00:00','OldTown',0,18.59,0,3.66,0.64,94),('2025-01-03T00:00:00','OldTown',0,14.72,0.95,4.35,0.74,79),('2025-01-03T01:00:00','Midtown',0,16.43,0,6.2,0.64,83),('2025-01-03T02:00:00','Midtown',0,18.18,2.76,3.49,0.65,86),('2025-01-03T03:00:00','University',0,16.84,1.06,2.75,0.63,84),('2025-01-03T04:00:00','Downtown',0,16.86,2.41,0.72,0.66,81),('2025-01-03T05:00:00','OldTown',0,18.67,2.31,3.38,0.64,89),('2025-01-03T06:00:00','University',0,18.64,0,4.55,0.66,111),('2025-01-03T07:00:00','Midtown',0,18.68,0,6.23,1.63,116),('2025-01-03T08:00:00','Downtown',0,18.33,3.36,0.25,1.61,90),('2025-01-03T09:00:00','Waterfront',0,18.65,0.36,3.63,1.68,126),('2025-01-03T10:00:00','Downtown',0,18.51,2.08,1.97,0.86,77),('2025-01-03T11:00:00','OldTown',0,19.29,2.07,2.48,0.76,98),('2025-01-03T12:00:00','Downtown',0,16.15,4.83,3.71,0.7,47),('2025-01-03T13:00:00','OldTown',0,15.09,0,0.04,0.73,88),('2025-01-03T14:00:00','OldTown',0,19.51,4.08,5.85,0.68,93),('2025-01-03T15:00:00','University',0,19.26,1.73,0,0.9,78),('2025-01-03T16:00:00','Waterfront',0,16.5,3.61,4.26,0.73,71),('2025-01-03T17:00:00','OldTown',0,17.26,4.42,2.11,1.78,83),('2025-01-03T18:00:00','Waterfront',0,15.4,0,5.28,1.77,123),('2025-01-03T19:00:00','OldTown',0,16.84,0,3.85,1.58,99),('2025-01-03T20:00:00','University',0,17.89,0.35,4.94,0.87,78),('2025-01-03T21:00:00','Downtown',0,18.19,0.98,2.38,0.85,102),('2025-01-03T22:00:00','University',0,19.03,1.22,0.01,0.69,80),('2025-01-03T23:00:00','OldTown',0,19.9,1.58,0.38,0.78,71),('2025-01-04T00:00:00','Downtown',1,16,0.5,0.8,0.7,89),('2025-01-04T01:00:00','Midtown',1,18.96,1.04,3.7,0.88,117),('2025-01-04T02:00:00','OldTown',1,15.36,1.22,6.88,0.78,105),('2025-01-04T03:00:00','OldTown',1,18.13,0,7.01,0.85,102),('2025-01-04T04:00:00','University',1,17.33,2.83,1.8,0.66,91),('2025-01-04T05:00:00','University',1,19.43,0,2.41,0.79,116),('2025-01-04T06:00:00','University',1,16.65,2.51,3.77,0.71,84),('2025-01-04T07:00:00','Midtown',1,16.07,3.23,2.15,1.59,103),('2025-01-04T08:00:00','OldTown',1,17.39,0,2.45,1.58,93),('2025-01-04T09:00:00','Midtown',1,20.13,3.08,7.09,1.73,118),('2025-01-04T10:00:00','OldTown',1,15.46,0,5.69,0.94,115),('2025-01-04T11:00:00','Midtown',1,19.47,0.66,4.85,0.71,94),('2025-01-04T12:00:00','University',1,15.66,0,5.58,0.76,108),('2025-01-04T13:00:00','Downtown',1,20.46,2.94,0,0.84,81),('2025-01-04T14:00:00','Midtown',1,16.01,0,4.74,0.67,98),('2025-01-04T15:00:00','Midtown',1,17.26,2.8,3.14,0.9,81),('2025-01-04T16:00:00','Downtown',1,16.93,1.51,3.19,0.82,103),('2025-01-04T17:00:00','University',1,19.61,1.2,1.06,1.88,98),('2025-01-04T18:00:00','Midtown',1,19.94,0.24,1.98,1.69,132),('2025-01-04T19:00:00','Downtown',1,19.28,4.08,3.13,1.74,97),('2025-01-04T20:00:00','Midtown',1,19.7,2,4.48,0.83,109),('2025-01-04T21:00:00','University',1,17.83,0.18,2.83,0.88,96),('2025-01-04T22:00:00','Downtown',1,16.4,1.69,0,0.84,107),('2025-01-04T23:00:00','Waterfront',1,17.66,4.76,1.27,0.8,83),('2025-01-05T00:00:00','Midtown',1,16.02,0,4.12,0.77,86),('2025-01-05T01:00:00','Waterfront',1,19.53,4.09,0.01,0.99,90),('2025-01-05T02:00:00','Waterfront',1,19.11,3.92,1.33,0.79,89),('2025-01-05T03:00:00','University',1,20.32,0,3.41,0.95,101),('2025-01-05T04:00:00','Midtown',1,19.85,0,1.74,0.73,88),('2025-01-05T05:00:00','Waterfront',1,17.19,1.26,3.54,0.95,89),('2025-01-05T06:00:00','University',1,18.94,0.03,2.86,0.7,87),('2025-01-05T07:00:00','Downtown',1,19.65,2.47,1.59,1.82,98),('2025-01-05T08:00:00','Waterfront',1,17.7,0.09,3.84,1.77,109),('2025-01-05T09:00:00','Waterfront',1,18.39,2.88,2.95,1.78,98),('2025-01-05T10:00:00','University',1,17.82,1.55,6.17,0.73,98),('2025-01-05T11:00:00','OldTown',1,17.28,0,2.88,0.84,91),('2025-01-05T12:00:00','OldTown',1,19.34,4.58,2.54,0.72,77),('2025-01-05T13:00:00','University',1,17.02,2.37,3.64,0.72,91),('2025-01-05T14:00:00','Waterfront',1,19.6,1.21,2.07,0.6,89),('2025-01-05T15:00:00','Downtown',1,17.36,3.21,7.51,0.79,104),('2025-01-05T16:00:00','Waterfront',1,18.48,3.47,4.26,0.62,95),('2025-01-05T17:00:00','OldTown',1,16.93,3.07,3.03,1.67,116),('2025-01-05T18:00:00','Midtown',1,20.48,1.53,5.4,1.68,99),('2025-01-05T19:00:00','University',1,18.09,2.46,1.01,1.8,95),('2025-01-05T20:00:00','Midtown',1,19.71,1.13,3.82,0.7,91),('2025-01-05T21:00:00','Waterfront',1,18.87,0.86,1.62,0.69,88),('2025-01-05T22:00:00','University',1,20.16,0,3.87,0.97,110),('2025-01-05T23:00:00','University',1,18.79,0,0.22,0.96,93),('2025-01-06T00:00:00','Downtown',0,17.05,1.98,4.48,0.9,81),('2025-01-06T01:00:00','OldTown',0,19.06,0.57,2.32,0.71,97),('2025-01-06T02:00:00','Downtown',0,19.22,1.65,3.28,0.77,83),('2025-01-06T03:00:00','Downtown',0,17.92,2.43,1.18,0.83,62),('2025-01-06T04:00:00','Midtown',0,21.79,0.53,1.6,0.62,87),('2025-01-06T05:00:00','Midtown',0,21.4,0,4.11,0.85,110),('2025-01-06T06:00:00','Midtown',0,21.69,0,3.38,0.73,99),('2025-01-06T07:00:00','OldTown',0,20.34,1.85,1.85,1.83,127),('2025-01-06T08:00:00','Downtown',0,17.07,2.37,3.8,1.55,100),('2025-01-06T09:00:00','Waterfront',0,20.2,0,1.01,1.58,101),('2025-01-06T10:00:00','Waterfront',0,20.05,0,3.02,0.62,89),('2025-01-06T11:00:00','OldTown',0,19.15,2.15,2.67,0.99,83),('2025-01-06T12:00:00','Downtown',0,20.98,0.81,1.33,0.61,78),('2025-01-06T13:00:00','Waterfront',0,19.31,1.9,5.8,0.8,105),('2025-01-06T14:00:00','Midtown',0,19.57,0.7,6.75,0.99,102),('2025-01-06T15:00:00','Downtown',0,17.99,3.48,0.31,0.65,61),('2025-01-06T16:00:00','Waterfront',0,18.44,1.66,0.99,0.97,66),('2025-01-06T17:00:00','University',0,20.71,1.04,4.38,1.76,99),('2025-01-06T18:00:00','University',0,19.33,0,3.18,1.81,94),('2025-01-06T19:00:00','Midtown',0,22.02,4.12,3.14,1.84,109),('2025-01-06T20:00:00','University',0,17.36,1.11,0,0.92,72),('2025-01-06T21:00:00','Downtown',0,19.63,2.94,5.3,0.84,91),('2025-01-06T22:00:00','University',0,21.54,0,3.9,0.78,94),('2025-01-06T23:00:00','Midtown',0,17.56,0,3.31,0.85,85),('2025-01-07T00:00:00','Midtown',0,20.45,3.3,0,0.94,72),('2025-01-07T01:00:00','Waterfront',0,21.58,2.28,3.73,0.85,90),('2025-01-07T02:00:00','Midtown',0,22.22,1.16,0.87,0.64,70),('2025-01-07T03:00:00','Downtown',0,18.08,0,2.85,0.73,92),('2025-01-07T04:00:00','University',0,18.73,0.49,3.79,0.81,76),('2025-01-07T05:00:00','Midtown',0,18.16,0,1.48,0.87,83),('2025-01-07T06:00:00','Midtown',0,21.86,2.45,4.74,0.7,88),('2025-01-07T07:00:00','Waterfront',0,21.81,1.45,2.48,1.68,99),('2025-01-07T08:00:00','Midtown',0,22.26,0,7.87,1.78,115),('2025-01-07T09:00:00','Waterfront',0,21.6,1.61,4.54,1.64,113),('2025-01-07T10:00:00','Downtown',0,22.31,0,8.3,0.86,106),('2025-01-07T11:00:00','University',0,21.91,3.5,2.89,0.96,66),('2025-01-07T12:00:00','University',0,20.4,0,5.28,0.85,92),('2025-01-07T13:00:00','Midtown',0,20.52,0,5.37,0.72,89),('2025-01-07T14:00:00','University',0,17.56,0.57,3.8,0.96,89),('2025-01-07T15:00:00','Waterfront',0,18.06,2.85,0,0.81,69),('2025-01-07T16:00:00','Waterfront',0,21.56,1.05,6.73,0.79,104),('2025-01-07T17:00:00','University',0,21.44,0,2.22,1.8,112),('2025-01-07T18:00:00','Midtown',0,21.73,0.39,0,1.89,110),('2025-01-07T19:00:00','Waterfront',0,17.5,0,0.86,1.77,101),('2025-01-07T20:00:00','OldTown',0,20.36,3.08,0,0.64,74),('2025-01-07T21:00:00','Midtown',0,19.09,1.6,0.78,0.85,74),('2025-01-07T22:00:00','Midtown',0,22,0.61,4.94,0.66,102),('2025-01-07T23:00:00','Waterfront',0,18.04,0.69,3.24,0.76,101),('2025-01-08T00:00:00','Midtown',0,20.82,1.01,0,0.77,83),('2025-01-08T01:00:00','Waterfront',0,20.75,0.16,4.39,0.98,88),('2025-01-08T02:00:00','Waterfront',0,17.64,0,4.57,0.98,100),('2025-01-08T03:00:00','University',0,20.2,0.55,4.87,0.76,93),('2025-01-08T04:00:00','Downtown',0,22.33,4.39,1.83,0.64,78),('2025-01-08T05:00:00','University',0,17.74,3.7,0,0.91,100),('2025-01-08T06:00:00','University',0,17.83,1.32,1.64,0.69,88),('2025-01-08T07:00:00','University',0,21.44,0.03,1.67,1.89,107),('2025-01-08T08:00:00','University',0,20.2,1.46,2.08,1.85,112),('2025-01-08T09:00:00','Midtown',0,20.44,2.45,4.56,1.55,103),('2025-01-08T10:00:00','OldTown',0,20.13,1.14,0.73,0.91,82),('2025-01-08T11:00:00','OldTown',0,18.61,1.13,0.58,0.96,75),('2025-01-08T12:00:00','Downtown',0,19.01,0.92,2.61,1,98),('2025-01-08T13:00:00','OldTown',0,19.95,0,3.66,0.63,89),('2025-01-08T14:00:00','OldTown',0,18.24,2.97,4.99,0.83,84),('2025-01-08T15:00:00','Downtown',0,20.15,0,0.39,0.64,89),('2025-01-08T16:00:00','University',0,21.76,0,0.22,0.89,93),('2025-01-08T17:00:00','Waterfront',0,19.56,3.13,3.94,1.79,93),('2025-01-08T18:00:00','Downtown',0,19.63,0.31,1.33,1.56,105),('2025-01-08T19:00:00','OldTown',0,17.96,0.89,5.69,1.82,122),('2025-01-08T20:00:00','Midtown',0,17.79,3.43,2.31,0.87,62),('2025-01-08T21:00:00','Waterfront',0,21.82,3.15,2.05,0.84,57),('2025-01-08T22:00:00','OldTown',0,18,0.16,2.95,0.79,96),('2025-01-08T23:00:00','OldTown',0,19.31,0,3.21,0.92,82),('2025-01-09T00:00:00','Waterfront',0,22.34,2.23,0.49,0.86,106),('2025-01-09T01:00:00','Waterfront',0,17.61,1.88,2.51,0.97,103),('2025-01-09T02:00:00','Downtown',0,17.49,2.79,1.11,0.76,85),('2025-01-09T03:00:00','University',0,17.91,3.18,1.09,0.78,74),('2025-01-09T04:00:00','University',0,19.29,0.65,0,0.83,87),('2025-01-09T05:00:00','Midtown',0,21.21,1.5,3.79,0.78,92),('2025-01-09T06:00:00','Waterfront',0,19.86,0,3.57,0.9,104),('2025-01-09T07:00:00','University',0,20.81,2.45,0.96,1.62,89),('2025-01-09T08:00:00','Waterfront',0,19.39,1.02,2.85,1.62,105),('2025-01-09T09:00:00','University',0,18.85,2.15,4.71,1.67,112),('2025-01-09T10:00:00','Downtown',0,19.29,0.59,0.74,0.93,89),('2025-01-09T11:00:00','Midtown',0,19.56,0.55,2.22,0.73,89),('2025-01-09T12:00:00','OldTown',0,20.24,0.73,0.99,0.65,93),('2025-01-09T13:00:00','Downtown',0,19.66,1.41,2.3,0.77,77),('2025-01-09T14:00:00','Waterfront',0,18.56,0,1.71,0.76,85),('2025-01-09T15:00:00','University',0,21.23,2.72,5.51,0.81,97),('2025-01-09T16:00:00','University',0,21.85,0,5.62,0.93,106),('2025-01-09T17:00:00','Downtown',0,18.59,0,3.53,1.8,116),('2025-01-09T18:00:00','OldTown',0,18.18,1.5,0.69,1.8,100),('2025-01-09T19:00:00','Waterfront',0,20.5,0,4.76,1.89,116),('2025-01-09T20:00:00','OldTown',0,18.02,2.97,3.9,0.72,81),('2025-01-09T21:00:00','Waterfront',0,17.63,1.8,2.46,0.75,83),('2025-01-09T22:00:00','OldTown',0,17.62,3.53,0.04,0.85,62),('2025-01-09T23:00:00','OldTown',0,22,1.11,2.96,0.96,91),('2025-01-10T00:00:00','Waterfront',0,20.47,0.31,5.05,0.66,99),('2025-01-10T01:00:00','Midtown',0,22.1,1.52,5.49,0.62,99),('2025-01-10T02:00:00','Waterfront',0,22.13,0,2.59,0.75,102),('2025-01-10T03:00:00','Waterfront',0,20.55,0.32,5.67,0.73,101),('2025-01-10T04:00:00','University',0,17.61,0.56,1.53,0.89,76),('2025-01-10T05:00:00','Midtown',0,18.79,0,2.04,0.74,86),('2025-01-10T06:00:00','University',0,17.75,1.01,2.19,0.82,81),('2025-01-10T07:00:00','OldTown',0,20.44,0,4.56,1.77,100),('2025-01-10T08:00:00','Waterfront',0,17.53,0.17,0.91,1.51,90),('2025-01-10T09:00:00','Downtown',0,21.78,5.32,1.57,1.56,87),('2025-01-10T10:00:00','Waterfront',0,18.5,1.71,0.69,0.82,81),('2025-01-10T11:00:00','University',0,21.39,0,1.01,0.66,79),('2025-01-10T12:00:00','University',0,21.14,1.63,0,0.67,70),('2025-01-10T13:00:00','University',0,21.81,1.91,0.43,0.91,74),('2025-01-10T14:00:00','OldTown',0,19.61,0.01,6.39,0.79,105),('2025-01-10T15:00:00','OldTown',0,21.84,0,1.42,0.75,93),('2025-01-10T16:00:00','Midtown',0,18.99,1.83,4.14,0.84,91),('2025-01-10T17:00:00','Downtown',0,21.24,0.78,2.12,1.84,107),('2025-01-10T18:00:00','University',0,18.27,1.32,1.41,1.86,109),('2025-01-10T19:00:00','Midtown',0,20.91,2.74,6.46,1.67,92),('2025-01-10T20:00:00','Waterfront',0,19.31,1.72,9.43,0.75,122),('2025-01-10T21:00:00','University',0,20.73,1.93,4.07,0.93,98),('2025-01-10T22:00:00','University',0,20.54,0,3.53,0.96,105),('2025-01-10T23:00:00','Waterfront',0,19.47,1.35,2.65,0.64,72),('2025-01-11T00:00:00','Midtown',1,17.89,2.16,4.02,0.86,92),('2025-01-11T01:00:00','University',1,19.66,0.75,5.39,0.7,103),('2025-01-11T02:00:00','OldTown',1,18.1,2.88,3.02,0.83,96),('2025-01-11T03:00:00','OldTown',1,21.49,3.67,5.23,0.8,99),('2025-01-11T04:00:00','Downtown',1,19.36,0,4.43,0.85,112),('2025-01-11T05:00:00','Downtown',1,18.35,1.04,4.35,0.86,103),('2025-01-11T06:00:00','University',1,20.39,1.05,1.21,0.62,73),('2025-01-11T07:00:00','University',1,20.66,0.26,0.76,1.69,86),('2025-01-11T08:00:00','University',1,20.54,4.07,4.34,1.68,105),('2025-01-11T09:00:00','OldTown',1,20.88,1.72,2.31,1.66,118),('2025-01-11T10:00:00','Waterfront',1,18.79,3.73,3.66,0.71,89),('2025-01-11T11:00:00','Midtown',1,17.75,0.77,3.65,0.76,87),('2025-01-11T12:00:00','OldTown',1,20.83,0,6.53,0.8,87),('2025-01-11T13:00:00','University',1,17.66,1.26,4.83,0.77,103),('2025-01-11T14:00:00','Midtown',1,19.02,0.88,3.74,0.86,95),('2025-01-11T15:00:00','Waterfront',1,17.1,3.49,0.96,0.89,87),('2025-01-11T16:00:00','Midtown',1,19.31,0,4.14,0.92,119),('2025-01-11T17:00:00','University',1,18.02,2.15,3.95,1.88,99),('2025-01-11T18:00:00','Waterfront',1,20.41,0.36,1.07,1.55,111),('2025-01-11T19:00:00','Waterfront',1,18.05,3.78,0.51,1.77,93),('2025-01-11T20:00:00','University',1,17.96,1.39,0.4,0.81,78),('2025-01-11T21:00:00','OldTown',1,20.87,2.76,4.27,0.81,96),('2025-01-11T22:00:00','Midtown',1,16.62,1.64,0,0.69,72),('2025-01-11T23:00:00','Midtown',1,17,0,3.52,0.67,100),('2025-01-12T00:00:00','OldTown',1,20.95,2.95,0,0.99,81),('2025-01-12T01:00:00','University',1,18.64,0,6.03,0.88,95),('2025-01-12T02:00:00','Downtown',1,19.86,0.29,2.94,0.68,109),('2025-01-12T03:00:00','University',1,17.66,3.64,0.98,0.99,81),('2025-01-12T04:00:00','Midtown',1,18.88,2.53,3.89,1,94),('2025-01-12T05:00:00','Midtown',1,19.9,0,7.79,0.86,124),('2025-01-12T06:00:00','University',1,18.08,0.26,2.89,0.93,88),('2025-01-12T07:00:00','University',1,17.87,0.44,3.57,1.55,111),('2025-01-12T08:00:00','Waterfront',1,17.19,3.41,6.98,1.59,121),('2025-01-12T09:00:00','University',1,19.87,0.49,2.99,1.72,130),('2025-01-12T10:00:00','University',1,18.72,0.6,2.42,0.86,87),('2025-01-12T11:00:00','OldTown',1,18.85,0,2.5,0.94,88),('2025-01-12T12:00:00','University',1,15.73,1.69,2.38,0.98,94),('2025-01-12T13:00:00','OldTown',1,19.32,0,0.53,0.8,103),('2025-01-12T14:00:00','Downtown',1,16.89,3.19,2.38,0.92,85),('2025-01-12T15:00:00','Waterfront',1,18.85,0,4.13,0.79,111),('2025-01-12T16:00:00','University',1,18.4,0.1,5.94,0.89,125),('2025-01-12T17:00:00','Downtown',1,19.13,0,2.06,1.6,112),('2025-01-12T18:00:00','University',1,16.62,1.21,3.9,1.62,100),('2025-01-12T19:00:00','Waterfront',1,20.05,2.86,6,1.87,106),('2025-01-12T20:00:00','Downtown',1,16.15,4.42,8.59,0.79,102),('2025-01-12T21:00:00','Waterfront',1,19.88,0,0,0.69,92),('2025-01-12T22:00:00','Downtown',1,15.36,0.72,5.65,0.94,99),('2025-01-12T23:00:00','Midtown',1,19.31,0,0,0.89,105),('2025-01-13T00:00:00','OldTown',0,16.86,0,4.52,0.68,88),('2025-01-13T01:00:00','OldTown',0,17.24,0.97,0,0.85,76),('2025-01-13T02:00:00','University',0,15.54,2.98,2.69,0.92,68),('2025-01-13T03:00:00','University',0,15.9,4.81,0.65,0.62,64),('2025-01-13T04:00:00','OldTown',0,18.43,1.92,0.72,0.66,82),('2025-01-13T05:00:00','OldTown',0,16.41,0.59,0.83,0.94,94),('2025-01-13T06:00:00','Waterfront',0,16.46,2.25,0.83,0.88,73),('2025-01-13T07:00:00','Downtown',0,16.39,4.35,4.6,1.62,99),('2025-01-13T08:00:00','Downtown',0,17.67,0.94,5.91,1.89,107),('2025-01-13T09:00:00','Midtown',0,17.56,0.59,4.35,1.75,121),('2025-01-13T10:00:00','Waterfront',0,15.34,1.01,2.54,0.98,89),('2025-01-13T11:00:00','OldTown',0,16.65,1.42,1.85,0.8,86),('2025-01-13T12:00:00','Waterfront',0,19.11,3.25,0.66,0.62,77),('2025-01-13T13:00:00','Midtown',0,19.45,2.14,1.07,0.98,86),('2025-01-13T14:00:00','Waterfront',0,18.98,0.28,4.56,0.91,94),('2025-01-13T15:00:00','University',0,17.42,0,3.53,0.82,99),('2025-01-13T16:00:00','Midtown',0,19.03,4.27,2.62,0.88,74),('2025-01-13T17:00:00','Downtown',0,16.02,0,6.26,1.61,104),('2025-01-13T18:00:00','University',0,17.1,0,1.86,1.66,94),('2025-01-13T19:00:00','Midtown',0,15.64,3.76,2.26,1.64,105),('2025-01-13T20:00:00','Waterfront',0,17.42,1.18,1.61,0.93,84),('2025-01-13T21:00:00','OldTown',0,14.78,3.49,1.01,0.7,61),('2025-01-13T22:00:00','University',0,15.17,1.29,3.91,0.73,70),('2025-01-13T23:00:00','Midtown',0,14.02,1.67,0,0.76,68),('2025-01-14T00:00:00','Downtown',0,16.34,2.65,7.9,0.73,76),('2025-01-14T01:00:00','Downtown',0,17.16,0,3.37,0.94,110),('2025-01-14T02:00:00','Midtown',0,18.42,2.89,6.69,0.67,117),('2025-01-14T03:00:00','Waterfront',0,17.74,0,4.3,0.95,112),('2025-01-14T04:00:00','OldTown',0,18.14,3.53,3.15,0.64,85),('2025-01-14T05:00:00','Waterfront',0,16.33,1.04,3.82,0.8,85),('2025-01-14T06:00:00','Waterfront',0,14.62,2.01,3.77,0.78,82),('2025-01-14T07:00:00','Midtown',0,17.56,2.35,0,1.57,83),('2025-01-14T08:00:00','Waterfront',0,17.7,0.44,2.92,1.77,109),('2025-01-14T09:00:00','Waterfront',0,18.19,2.11,4.97,1.68,105),('2025-01-14T10:00:00','Downtown',0,18.23,0.28,6.03,0.6,85),('2025-01-14T11:00:00','Waterfront',0,16.75,0,1.85,0.87,90),('2025-01-14T12:00:00','Midtown',0,16.81,0,0,0.75,88),('2025-01-14T13:00:00','OldTown',0,14.08,5.65,2.96,0.77,54),('2025-01-14T14:00:00','OldTown',0,17.83,1.35,0,0.93,84),('2025-01-14T15:00:00','Downtown',0,17.58,0,4.89,0.88,102),('2025-01-14T16:00:00','University',0,17.75,3.78,5.44,0.96,90),('2025-01-14T17:00:00','OldTown',0,14.75,3.33,2.01,1.58,88),('2025-01-14T18:00:00','OldTown',0,15.51,2.77,1.71,1.52,97),('2025-01-14T19:00:00','Midtown',0,13.3,2.58,0,1.79,94),('2025-01-14T20:00:00','OldTown',0,14.23,2.46,3.03,0.63,63),('2025-01-14T21:00:00','Downtown',0,17.88,2.49,3.69,0.97,86),('2025-01-14T22:00:00','Waterfront',0,14.29,1.61,3.98,0.86,82),('2025-01-14T23:00:00','Midtown',0,17.77,0,0.01,0.96,101),('2025-01-15T00:00:00','OldTown',0,13.16,4.77,2.09,0.65,69),('2025-01-15T01:00:00','Downtown',0,14.67,0.5,6.87,0.93,117),('2025-01-15T02:00:00','Midtown',0,17.55,0,3.73,0.77,87),('2025-01-15T03:00:00','Downtown',0,14.33,2.09,2.24,0.89,104),('2025-01-15T04:00:00','Downtown',0,12.71,0,0.67,0.97,90),('2025-01-15T05:00:00','Downtown',0,13,0.34,5.64,0.88,96),('2025-01-15T06:00:00','University',0,13.67,3.06,3.59,0.82,79),('2025-01-15T07:00:00','Waterfront',0,14.92,0,2.1,1.79,122),('2025-01-15T08:00:00','OldTown',0,15.23,1.67,0,1.59,112),('2025-01-15T09:00:00','University',0,13.4,0,2.78,1.88,110),('2025-01-15T10:00:00','OldTown',0,15.37,0,4.03,0.99,109),('2025-01-15T11:00:00','OldTown',0,13.78,0.24,2.02,0.75,87),('2025-01-15T12:00:00','OldTown',0,14.5,2.09,1.63,0.88,87),('2025-01-15T13:00:00','Waterfront',0,14.15,0,0.87,0.76,89),('2025-01-15T14:00:00','University',0,13.05,0,0,0.94,97),('2025-01-15T15:00:00','Downtown',0,12.24,2.79,1.05,0.62,79),('2025-01-15T16:00:00','Waterfront',0,12.87,1.41,0,0.82,56),('2025-01-15T17:00:00','Downtown',0,13.39,1.67,4.16,1.58,94),('2025-01-15T18:00:00','University',0,15.56,1.31,0,1.78,93),('2025-01-15T19:00:00','Waterfront',0,14.53,0,3.31,1.71,96),('2025-01-15T20:00:00','Waterfront',0,13.26,0,6.2,0.79,99),('2025-01-15T21:00:00','University',0,16.24,0,1.58,0.83,95),('2025-01-15T22:00:00','University',0,15.32,3.47,3.26,0.83,76),('2025-01-15T23:00:00','Waterfront',0,13.21,0,0.24,0.8,94),('2025-01-16T00:00:00','Waterfront',0,12.8,3.24,0,0.86,64),('2025-01-16T01:00:00','OldTown',0,12.3,1.26,2.57,0.97,73),('2025-01-16T02:00:00','Downtown',0,16.36,3.31,2.35,0.94,96),('2025-01-16T03:00:00','University',0,15.17,2.7,0,0.69,81),('2025-01-16T04:00:00','Midtown',0,11.35,0,2.93,0.85,79),('2025-01-16T05:00:00','Downtown',0,14.54,0,5.45,0.76,94),('2025-01-16T06:00:00','University',0,13.84,0.43,8.44,0.61,100),('2025-01-16T07:00:00','OldTown',0,11.68,0,3.93,1.58,105),('2025-01-16T08:00:00','University',0,12.35,0,5.82,1.53,116),('2025-01-16T09:00:00','Downtown',0,15.99,0.7,3.46,1.84,122),('2025-01-16T10:00:00','Midtown',0,11.45,0,4.75,0.62,92),('2025-01-16T11:00:00','Downtown',0,15.16,1.27,1.9,0.99,78),('2025-01-16T12:00:00','Waterfront',0,15.36,2.34,2.3,0.96,78),('2025-01-16T13:00:00','OldTown',0,11.06,0,7.07,0.96,107),('2025-01-16T14:00:00','Midtown',0,14.07,2.71,6.52,0.61,84),('2025-01-16T15:00:00','Midtown',0,15.37,2.17,2.21,0.83,93),('2025-01-16T16:00:00','Downtown',0,14.06,0,2.5,0.9,92),('2025-01-16T17:00:00','Downtown',0,13.13,0,3.66,1.67,104),('2025-01-16T18:00:00','Waterfront',0,12.27,1.73,0,1.66,90),('2025-01-16T19:00:00','Midtown',0,14.44,0.76,1.63,1.72,101),('2025-01-16T20:00:00','Downtown',0,12.63,0.07,0.34,0.63,65),('2025-01-16T21:00:00','Midtown',0,10.83,0,4.79,0.85,103),('2025-01-16T22:00:00','University',0,11.95,1.34,3.13,0.72,75),('2025-01-16T23:00:00','Downtown',0,10.75,2.3,0.68,0.8,77),('2025-01-17T00:00:00','Waterfront',0,10.39,0.72,3.7,0.84,80),('2025-01-17T01:00:00','University',0,12.28,2.78,3.59,0.82,62),('2025-01-17T02:00:00','Downtown',0,13.02,2.05,4.71,0.66,77),('2025-01-17T03:00:00','Waterfront',0,10.95,3.19,2.73,0.91,84),('2025-01-17T04:00:00','Waterfront',0,11.32,1.25,5.8,0.84,89),('2025-01-17T05:00:00','Waterfront',0,10.04,2.01,0,0.75,82),('2025-01-17T06:00:00','OldTown',0,12.16,0,4.57,0.86,84),('2025-01-17T07:00:00','Waterfront',0,14.64,0.35,3.53,1.89,116),('2025-01-17T08:00:00','Midtown',0,11.31,0.49,0.81,1.73,96),('2025-01-17T09:00:00','University',0,11.63,2.95,4.22,1.9,95),('2025-01-17T10:00:00','Waterfront',0,13.16,0,1.47,0.78,81),('2025-01-17T11:00:00','Midtown',0,13.86,0,6.52,0.92,105),('2025-01-17T12:00:00','Midtown',0,10.35,0.75,4.44,0.66,74),('2025-01-17T13:00:00','Midtown',0,14.56,2.01,0.99,0.8,78),('2025-01-17T14:00:00','Downtown',0,12.27,1.63,1.17,0.96,66),('2025-01-17T15:00:00','OldTown',0,10.05,0.61,3.03,0.67,95),('2025-01-17T16:00:00','Midtown',0,9.68,3.89,2.69,0.76,69),('2025-01-17T17:00:00','OldTown',0,9.94,0,4.15,1.8,109),('2025-01-17T18:00:00','OldTown',0,12.26,0,2.01,1.66,101),('2025-01-17T19:00:00','Downtown',0,10.06,0,5.3,1.62,104),('2025-01-17T20:00:00','Midtown',0,9.84,2.13,2.6,0.72,68),('2025-01-17T21:00:00','Downtown',0,10.96,1.54,5.62,0.78,94),('2025-01-17T22:00:00','University',0,10.67,1.53,2.08,0.94,71),('2025-01-17T23:00:00','Waterfront',0,13.77,0,2.86,0.82,76),('2025-01-18T00:00:00','Midtown',1,11.87,2.46,2.63,0.76,90),('2025-01-18T01:00:00','Midtown',1,11,3.56,2.67,0.78,59),('2025-01-18T02:00:00','Downtown',1,10.92,0.86,1.7,0.9,90),('2025-01-18T03:00:00','Downtown',1,12.92,0.6,1.14,0.68,84),('2025-01-18T04:00:00','OldTown',1,10.19,2.63,1.14,0.86,69),('2025-01-18T05:00:00','Waterfront',1,9.4,0,1.68,0.67,95),('2025-01-18T06:00:00','Waterfront',1,13.38,0,1.4,0.73,91),('2025-01-18T07:00:00','Midtown',1,12.21,2.1,0.92,1.56,95),('2025-01-18T08:00:00','University',1,10.81,0,3.21,1.87,118),('2025-01-18T09:00:00','Downtown',1,11.09,0.73,4.11,1.68,116),('2025-01-18T10:00:00','Midtown',1,12.93,3.18,2.31,0.68,71),('2025-01-18T11:00:00','University',1,10.6,2.74,0,0.78,77),('2025-01-18T12:00:00','University',1,8.92,4.19,3.65,0.72,75),('2025-01-18T13:00:00','OldTown',1,12.37,3.41,0,0.8,69),('2025-01-18T14:00:00','Downtown',1,8.99,3.54,5.27,0.93,74),('2025-01-18T15:00:00','University',1,12.17,3.69,1.69,0.77,80),('2025-01-18T16:00:00','Downtown',1,9.82,3.17,2.99,0.74,84),('2025-01-18T17:00:00','Waterfront',1,12.16,0,3.3,1.74,130),('2025-01-18T18:00:00','Downtown',1,12.55,0,1.65,1.75,113),('2025-01-18T19:00:00','Waterfront',1,11.05,0,0.36,1.57,99),('2025-01-18T20:00:00','Midtown',1,9.6,0.81,6.93,0.99,99),('2025-01-18T21:00:00','University',1,12.7,0.47,7.01,0.65,98),('2025-01-18T22:00:00','OldTown',1,9.32,0.39,0,0.9,81),('2025-01-18T23:00:00','Downtown',1,11.19,0,1.65,0.63,80),('2025-01-19T00:00:00','OldTown',1,10,1.2,0,0.95,73),('2025-01-19T01:00:00','Midtown',1,7.95,1.78,3.49,0.89,71),('2025-01-19T02:00:00','University',1,11.07,0.06,0,0.92,68),('2025-01-19T03:00:00','University',1,10.33,4.03,2.28,0.82,85),('2025-01-19T04:00:00','Midtown',1,10.65,0,3.17,0.87,99),('2025-01-19T05:00:00','Midtown',1,7.86,1.45,4.06,0.78,85),('2025-01-19T06:00:00','Waterfront',1,8.74,0.84,2.01,0.86,100),('2025-01-19T07:00:00','University',1,8.16,4.72,2.47,1.77,94),('2025-01-19T08:00:00','Downtown',1,7.91,0,0.72,1.8,100),('2025-01-19T09:00:00','Midtown',1,7.62,1.54,1.94,1.59,97),('2025-01-19T10:00:00','Downtown',1,7.62,0.09,0,1,82),('2025-01-19T11:00:00','Waterfront',1,8.68,1.65,6.07,0.64,98),('2025-01-19T12:00:00','University',1,11.9,3.22,5.62,0.9,111),('2025-01-19T13:00:00','Waterfront',1,7.8,5.41,0.47,0.67,58),('2025-01-19T14:00:00','Downtown',1,11.03,0.48,2.17,0.76,81),('2025-01-19T15:00:00','Waterfront',1,11.86,0,3.65,0.89,101),('2025-01-19T16:00:00','OldTown',1,12.16,0.81,4.01,0.71,103),('2025-01-19T17:00:00','Waterfront',1,10.91,2.35,1.96,1.51,119),('2025-01-19T18:00:00','University',1,8.29,0.29,2.2,1.66,93),('2025-01-19T19:00:00','OldTown',1,9.7,0,4.79,1.74,120),('2025-01-19T20:00:00','Midtown',1,11.64,2.9,3.14,0.73,68),('2025-01-19T21:00:00','Downtown',1,8.98,3.44,1.61,0.98,64),('2025-01-19T22:00:00','OldTown',1,7.2,2.48,3.64,0.62,95),('2025-01-19T23:00:00','Midtown',1,8.52,2.38,2.21,0.77,64),('2025-01-20T00:00:00','University',0,7.46,0,2.37,0.71,75),('2025-01-20T01:00:00','Downtown',0,11.89,3.2,4,0.83,85),('2025-01-20T02:00:00','Downtown',0,8.53,0,4.9,0.7,86),('2025-01-20T03:00:00','University',0,9.21,5.29,1.67,0.9,59),('2025-01-20T04:00:00','Waterfront',0,7.51,0.47,0,0.67,83),('2025-01-20T05:00:00','Downtown',0,7.71,0.56,5.44,0.71,96),('2025-01-20T06:00:00','OldTown',0,10.7,4.41,3.67,0.71,84),('2025-01-20T07:00:00','OldTown',0,9.95,2.31,0.61,1.52,84),('2025-01-20T08:00:00','OldTown',0,7.61,2.91,5.88,1.86,95),('2025-01-20T09:00:00','Waterfront',0,6.76,0.41,3.2,1.52,92),('2025-01-20T10:00:00','Midtown',0,8.63,3.65,6.74,0.94,60),('2025-01-20T11:00:00','Downtown',0,7.81,0,3.05,0.73,103),('2025-01-20T12:00:00','Downtown',0,9.51,3.17,5.04,0.62,76),('2025-01-20T13:00:00','Waterfront',0,11.39,3.34,5.03,0.71,81),('2025-01-20T14:00:00','OldTown',0,8.23,0.98,2.92,0.68,69),('2025-01-20T15:00:00','University',0,7.78,0.6,0,1,97),('2025-01-20T16:00:00','OldTown',0,10.2,0,1.97,0.66,82),('2025-01-20T17:00:00','Downtown',0,8.24,1.04,5.19,1.88,86),('2025-01-20T18:00:00','Midtown',0,10.27,0,5.3,1.62,112),('2025-01-20T19:00:00','Downtown',0,8.91,6.14,9.33,1.78,105),('2025-01-20T20:00:00','Downtown',0,6.64,1.6,6.84,0.77,92),('2025-01-20T21:00:00','OldTown',0,9.29,0,0.15,0.76,76),('2025-01-20T22:00:00','Midtown',0,9.2,0,5.05,0.69,85),('2025-01-20T23:00:00','Downtown',0,9.84,2.76,2.84,0.71,64),('2025-01-21T00:00:00','Waterfront',0,11.03,3.23,5.59,0.64,85),('2025-01-21T01:00:00','Waterfront',0,8.32,2.41,0,0.68,60),('2025-01-21T02:00:00','OldTown',0,8.58,1.67,2.3,0.92,73),('2025-01-21T03:00:00','University',0,6.43,3.85,3.92,0.64,59),('2025-01-21T04:00:00','Midtown',0,11.05,0.75,3.38,0.72,85),('2025-01-21T05:00:00','Downtown',0,10.46,0.19,0.63,0.64,72),('2025-01-21T06:00:00','Midtown',0,10.18,1.38,3.24,0.93,88),('2025-01-21T07:00:00','Waterfront',0,8,1.1,1.03,1.73,81),('2025-01-21T08:00:00','Downtown',0,10.7,6.69,6.11,1.58,71),('2025-01-21T09:00:00','Midtown',0,10.62,0,3.86,1.52,92),('2025-01-21T10:00:00','Midtown',0,6.32,2.9,2.02,0.89,60),('2025-01-21T11:00:00','University',0,6.91,1.24,3.28,0.71,82),('2025-01-21T12:00:00','Downtown',0,6.2,0.21,1.98,0.72,66),('2025-01-21T13:00:00','OldTown',0,6.44,2.4,1.45,0.86,77),('2025-01-21T14:00:00','Midtown',0,7.23,3.45,2.91,0.61,54),('2025-01-21T15:00:00','Midtown',0,8.68,3.12,0,0.8,68),('2025-01-21T16:00:00','Midtown',0,7.29,3.59,3.44,0.61,70),('2025-01-21T17:00:00','Downtown',0,8.57,0,3.84,1.89,65),('2025-01-21T18:00:00','University',0,7.14,1.32,5.47,1.82,99),('2025-01-21T19:00:00','University',0,8.76,0,4.97,1.87,105),('2025-01-21T20:00:00','Waterfront',0,6.75,0,1.01,0.88,81),('2025-01-21T21:00:00','Midtown',0,10.59,0.98,0.63,0.68,69),('2025-01-21T22:00:00','Midtown',0,8.54,1.43,3.5,0.62,74),('2025-01-21T23:00:00','University',0,5.82,0.98,4.17,0.65,73),('2025-01-22T00:00:00','Downtown',0,10.39,2.09,1.53,0.61,52),('2025-01-22T01:00:00','Midtown',0,10.01,0,6.26,0.75,71),('2025-01-22T02:00:00','Midtown',0,8.7,0.38,4.51,0.99,87),('2025-01-22T03:00:00','OldTown',0,9,0,5.41,0.88,113),('2025-01-22T04:00:00','University',0,9.67,1.6,5.63,0.67,76),('2025-01-22T05:00:00','OldTown',0,6.61,3.78,6.11,0.83,75),('2025-01-22T06:00:00','Midtown',0,5.87,0,0.3,0.99,81),('2025-01-22T07:00:00','University',0,6.4,3.49,2.96,1.89,81),('2025-01-22T08:00:00','Downtown',0,8.86,4.45,2.15,1.77,82),('2025-01-22T09:00:00','Downtown',0,7,0,3,1.6,100),('2025-01-22T10:00:00','Midtown',0,9.26,3.05,3.64,0.77,79),('2025-01-22T11:00:00','OldTown',0,7.4,2.81,0.34,0.92,82),('2025-01-22T12:00:00','Waterfront',0,8.89,0.79,1.9,0.63,80),('2025-01-22T13:00:00','University',0,6.93,0,4.45,0.96,93),('2025-01-22T14:00:00','Midtown',0,9.27,0,1.75,0.64,67),('2025-01-22T15:00:00','Midtown',0,9.13,0,0.35,0.84,85),('2025-01-22T16:00:00','OldTown',0,6.38,2.18,3.81,0.68,68),('2025-01-22T17:00:00','OldTown',0,6.91,0,2.71,1.52,101),('2025-01-22T18:00:00','OldTown',0,8.32,0.6,3.04,1.5,109),('2025-01-22T19:00:00','Downtown',0,7.97,2.96,4.12,1.76,96),('2025-01-22T20:00:00','OldTown',0,7.93,3.56,5.33,0.79,81),('2025-01-22T21:00:00','Downtown',0,7.49,0.33,1.65,0.67,83),('2025-01-22T22:00:00','Downtown',0,6.86,0,3.31,0.71,96),('2025-01-22T23:00:00','OldTown',0,5.97,2.34,1.61,0.99,83),('2025-01-23T00:00:00','Midtown',0,6.67,2.85,3.74,0.81,88),('2025-01-23T01:00:00','Downtown',0,8.39,0.61,3.15,0.76,89),('2025-01-23T02:00:00','Midtown',0,8.03,3.82,0.9,0.87,62),('2025-01-23T03:00:00','University',0,6.38,0.58,8.33,0.92,90),('2025-01-23T04:00:00','OldTown',0,5.73,3.6,4.43,0.68,71),('2025-01-23T05:00:00','Midtown',0,6.8,0.29,6.75,0.63,73),('2025-01-23T06:00:00','OldTown',0,8.29,0,1.73,0.81,82),('2025-01-23T07:00:00','OldTown',0,8.44,1.06,3.19,1.56,88),('2025-01-23T08:00:00','Waterfront',0,8.44,1.42,0,1.87,87),('2025-01-23T09:00:00','Midtown',0,9.84,0.88,5.99,1.61,88),('2025-01-23T10:00:00','Midtown',0,8.36,0.11,3.21,0.76,71),('2025-01-23T11:00:00','Midtown',0,5.69,0,4.38,0.7,76),('2025-01-23T12:00:00','Midtown',0,10.1,1.49,2.76,0.93,78),('2025-01-23T13:00:00','Waterfront',0,9.79,2.58,0.87,0.69,44),('2025-01-23T14:00:00','University',0,10.37,0,4.31,0.71,73),('2025-01-23T15:00:00','OldTown',0,7.71,2.49,4.75,0.79,72),('2025-01-23T16:00:00','University',0,9.84,2.13,0.83,0.66,65),('2025-01-23T17:00:00','University',0,9.41,3.18,0.44,1.57,79),('2025-01-23T18:00:00','Midtown',0,9.69,1.21,5.21,1.87,101),('2025-01-23T19:00:00','Waterfront',0,8.04,0,2.32,1.51,90),('2025-01-23T20:00:00','Waterfront',0,7.96,0,4.69,0.79,77),('2025-01-23T21:00:00','University',0,9.26,0.68,2.39,0.75,71),('2025-01-23T22:00:00','Midtown',0,9.79,1.43,1.64,0.69,75),('2025-01-23T23:00:00','Midtown',0,8.09,2.41,6.45,0.87,63),('2025-01-24T00:00:00','Waterfront',0,10.09,0,0.83,0.6,76),('2025-01-24T01:00:00','Waterfront',0,9.1,4.45,2.59,0.96,62),('2025-01-24T02:00:00','Downtown',0,7.84,1.5,4.66,0.81,71),('2025-01-24T03:00:00','OldTown',0,8.11,0,0.99,0.75,61),('2025-01-24T04:00:00','Waterfront',0,8.6,0.94,3.91,0.63,93),('2025-01-24T05:00:00','University',0,6.87,1.01,1.98,0.72,54),('2025-01-24T06:00:00','Waterfront',0,8.16,1.24,3.68,0.94,86),('2025-01-24T07:00:00','Waterfront',0,8.98,0,2.48,1.9,88),('2025-01-24T08:00:00','Waterfront',0,10.12,0,4.84,1.73,123),('2025-01-24T09:00:00','Waterfront',0,9.23,1.09,3.43,1.81,111),('2025-01-24T10:00:00','University',0,8.14,3.15,0,0.95,70),('2025-01-24T11:00:00','Waterfront',0,9.32,1.94,2.6,0.97,66),('2025-01-24T12:00:00','Waterfront',0,8.9,1.42,4.4,0.95,66),('2025-01-24T13:00:00','OldTown',0,6.94,3,1.93,0.79,87),('2025-01-24T14:00:00','OldTown',0,8.55,0,1.45,0.68,89),('2025-01-24T15:00:00','University',0,7.15,3.06,6.7,0.65,83),('2025-01-24T16:00:00','University',0,7.39,4.99,2.66,0.99,79),('2025-01-24T17:00:00','Downtown',0,9.58,4.01,0.18,1.57,79),('2025-01-24T18:00:00','Downtown',0,5.72,0.75,6.35,1.57,100),('2025-01-24T19:00:00','Midtown',0,6.36,0,1.06,1.67,97),('2025-01-24T20:00:00','OldTown',0,7.64,2.37,3.31,0.75,82),('2025-01-24T21:00:00','Waterfront',0,6.7,1.34,1.75,0.7,60),('2025-01-24T22:00:00','Waterfront',0,7.32,2.9,4.42,0.72,76),('2025-01-24T23:00:00','University',0,8.05,1.42,0.58,0.77,70),('2025-01-25T00:00:00','Midtown',1,7.5,2.58,1.9,0.68,98),('2025-01-25T01:00:00','Downtown',1,5.9,0,3.93,0.68,117),('2025-01-25T02:00:00','Waterfront',1,8.77,2.04,4.67,0.86,108),('2025-01-25T03:00:00','Downtown',1,9.7,2.06,1.08,0.62,68),('2025-01-25T04:00:00','Midtown',1,9.12,3.93,3.38,0.77,69),('2025-01-25T05:00:00','Midtown',1,9.38,2.75,3.84,0.6,95),('2025-01-25T06:00:00','Downtown',1,9.2,0.45,1.65,0.84,100),('2025-01-25T07:00:00','Midtown',1,8.47,3.77,1.8,1.81,88),('2025-01-25T08:00:00','Waterfront',1,6.92,1.64,4.49,1.71,108),('2025-01-25T09:00:00','Midtown',1,6.75,3.88,0,1.78,80),('2025-01-25T10:00:00','University',1,7.62,3.89,3.05,0.96,87),('2025-01-25T11:00:00','Waterfront',1,10.74,0,3.15,0.89,91),('2025-01-25T12:00:00','Downtown',1,9.23,0,4.48,0.71,110),('2025-01-25T13:00:00','Downtown',1,10.3,2.22,1.08,0.77,92),('2025-01-25T14:00:00','Waterfront',1,6.53,1.23,2.39,0.94,83),('2025-01-25T15:00:00','Waterfront',1,10.55,0.26,4.52,0.89,94),('2025-01-25T16:00:00','Midtown',1,10.18,1.95,4.85,0.98,91),('2025-01-25T17:00:00','Downtown',1,10.12,2.96,0.88,1.55,77),('2025-01-25T18:00:00','Midtown',1,11.05,1.67,2.22,1.86,92),('2025-01-25T19:00:00','University',1,7.08,1.45,1.63,1.51,101),('2025-01-25T20:00:00','Downtown',1,8.61,0,3.31,0.78,105),('2025-01-25T21:00:00','OldTown',1,9.74,2.22,1.51,0.83,66),('2025-01-25T22:00:00','Midtown',1,7.36,4.72,1.88,0.81,66),('2025-01-25T23:00:00','Midtown',1,9.58,0,3.02,0.87,102),('2025-01-26T00:00:00','OldTown',1,7.04,2.95,0,0.85,97),('2025-01-26T01:00:00','Midtown',1,10.57,1.51,5.41,0.63,73),('2025-01-26T02:00:00','University',1,7.95,0.49,4.41,0.8,82),('2025-01-26T03:00:00','Midtown',1,6.77,0.65,0.55,0.64,83),('2025-01-26T04:00:00','OldTown',1,8.64,2.75,4.59,0.86,94),('2025-01-26T05:00:00','Waterfront',1,9.18,2.32,4.63,0.99,74),('2025-01-26T06:00:00','University',1,10.91,0,1.89,0.78,80),('2025-01-26T07:00:00','Waterfront',1,10.71,4.03,1.32,1.74,107),('2025-01-26T08:00:00','Waterfront',1,10.1,3.49,5.22,1.59,89),('2025-01-26T09:00:00','Midtown',1,9.28,4.04,2.33,1.86,98),('2025-01-26T10:00:00','Midtown',1,7.28,0.6,0,0.64,74),('2025-01-26T11:00:00','Midtown',1,7.68,0.46,3.59,0.74,83),('2025-01-26T12:00:00','OldTown',1,6.87,0,0.78,0.65,91),('2025-01-26T13:00:00','Downtown',1,11.45,0,4.56,0.81,106),('2025-01-26T14:00:00','OldTown',1,9.46,0,4.09,0.97,101),('2025-01-26T15:00:00','OldTown',1,7.6,0,3.37,0.86,88),('2025-01-26T16:00:00','Waterfront',1,11.18,0,2.95,0.99,111),('2025-01-26T17:00:00','University',1,8.78,0,2.08,1.82,114),('2025-01-26T18:00:00','OldTown',1,8.89,0.28,0,1.62,93),('2025-01-26T19:00:00','Waterfront',1,10.02,0,3.85,1.62,122),('2025-01-26T20:00:00','Waterfront',1,11.5,3.1,5.33,0.99,96),('2025-01-26T21:00:00','Midtown',1,10.48,3.22,3.17,0.83,69),('2025-01-26T22:00:00','Downtown',1,10.33,2.95,1.47,0.95,80),('2025-01-26T23:00:00','University',1,7.12,1.34,4.82,0.68,98),('2025-01-27T00:00:00','OldTown',0,11.95,0.79,1.97,0.62,79),('2025-01-27T01:00:00','OldTown',0,7.23,0.01,3.36,0.95,81),('2025-01-27T02:00:00','Waterfront',0,11.42,1.09,0.44,0.7,78),('2025-01-27T03:00:00','Waterfront',0,10.6,0,4.88,0.77,91),('2025-01-27T04:00:00','Midtown',0,12,4,4.09,0.68,86),('2025-01-27T05:00:00','OldTown',0,11.36,0,5.65,0.86,84),('2025-01-27T06:00:00','Downtown',0,9.98,0,0.91,0.99,82),('2025-01-27T07:00:00','Midtown',0,8.22,2.28,4.11,1.65,103),('2025-01-27T08:00:00','University',0,8.72,1.1,4.18,1.84,112),('2025-01-27T09:00:00','OldTown',0,7.56,1.27,5.43,1.81,95),('2025-01-27T10:00:00','OldTown',0,11.61,0.2,6.35,0.82,106),('2025-01-27T11:00:00','Midtown',0,8.53,2.45,3.3,0.8,78),('2025-01-27T12:00:00','Waterfront',0,10.19,0,4.06,0.95,85),('2025-01-27T13:00:00','Downtown',0,8.6,0,3.04,1,74),('2025-01-27T14:00:00','Downtown',0,8.12,0.44,4.22,0.86,91),('2025-01-27T15:00:00','Midtown',0,11,0.54,1.08,0.98,102),('2025-01-27T16:00:00','OldTown',0,8.91,1.13,2.56,0.81,80),('2025-01-27T17:00:00','OldTown',0,9.9,0,7.11,1.58,113),('2025-01-27T18:00:00','University',0,8.12,5.16,6.03,1.81,75),('2025-01-27T19:00:00','Downtown',0,11.1,0.68,3.59,1.67,80),('2025-01-27T20:00:00','Downtown',0,8.82,2.96,0,0.9,51),('2025-01-27T21:00:00','Downtown',0,11.57,2.51,4.26,0.73,87),('2025-01-27T22:00:00','Midtown',0,8.24,1.8,4.37,0.63,86),('2025-01-27T23:00:00','Downtown',0,9.86,0,1.54,0.61,70),('2025-01-28T00:00:00','Downtown',0,10.63,0,0.85,0.9,69),('2025-01-28T01:00:00','OldTown',0,9.79,0,1.35,0.87,82),('2025-01-28T02:00:00','OldTown',0,8.48,1.39,0.86,0.76,67),('2025-01-28T03:00:00','Waterfront',0,9.19,0,2.93,0.94,68),('2025-01-28T04:00:00','Waterfront',0,12.93,2.87,5.37,0.97,89),('2025-01-28T05:00:00','Downtown',0,12.96,0,7.07,0.66,94),('2025-01-28T06:00:00','Waterfront',0,8.24,0,1.58,0.98,77),('2025-01-28T07:00:00','University',0,9.32,4.02,6.24,1.56,79),('2025-01-28T08:00:00','OldTown',0,9.41,1.8,1.87,1.57,95),('2025-01-28T09:00:00','Downtown',0,10.66,0,1.42,1.53,92),('2025-01-28T10:00:00','Waterfront',0,9.38,0,0.61,0.74,74),('2025-01-28T11:00:00','OldTown',0,11.54,0.04,4.42,0.78,83),('2025-01-28T12:00:00','University',0,11.78,0.84,1.92,0.83,90),('2025-01-28T13:00:00','Midtown',0,8.55,0,3.03,0.9,92),('2025-01-28T14:00:00','Waterfront',0,9.96,0,5.33,0.73,77),('2025-01-28T15:00:00','Waterfront',0,11.06,1.45,5.23,0.63,91),('2025-01-28T16:00:00','Downtown',0,12.96,2.63,4.92,0.71,83),('2025-01-28T17:00:00','OldTown',0,13.17,0.73,4.66,1.83,95),('2025-01-28T18:00:00','Midtown',0,10.79,0,0.67,1.72,61),('2025-01-28T19:00:00','OldTown',0,12.08,0,4.19,1.86,116),('2025-01-28T20:00:00','University',0,12.52,0.69,5.16,0.8,79),('2025-01-28T21:00:00','OldTown',0,13.14,2.48,3.96,0.67,65),('2025-01-28T22:00:00','Midtown',0,9.65,2.46,5.18,0.83,84),('2025-01-28T23:00:00','Waterfront',0,13.69,0.47,6.28,0.69,95),('2025-01-29T00:00:00','Midtown',0,10.89,2.38,3.36,0.96,73),('2025-01-29T01:00:00','OldTown',0,13.5,2.75,5.8,0.64,84),('2025-01-29T02:00:00','Midtown',0,12.31,0.76,6.26,0.83,82),('2025-01-29T03:00:00','Midtown',0,11.01,0.45,0.83,0.81,64),('2025-01-29T04:00:00','OldTown',0,14.1,1.51,5.01,0.93,79),('2025-01-29T05:00:00','OldTown',0,9.32,3.84,4.59,0.69,64),('2025-01-29T06:00:00','University',0,12.55,1.48,4.25,0.74,82),('2025-01-29T07:00:00','Midtown',0,11.45,0.32,2.53,1.77,105),('2025-01-29T08:00:00','University',0,10.48,3,6.21,1.51,106),('2025-01-29T09:00:00','University',0,10.15,1.83,0,1.56,84),('2025-01-29T10:00:00','Waterfront',0,10.82,3.13,7.56,0.84,82),('2025-01-29T11:00:00','Midtown',0,14.32,1.06,3.57,0.79,99),('2025-01-29T12:00:00','OldTown',0,10.48,2.38,0.63,0.92,76),('2025-01-29T13:00:00','OldTown',0,11,0.17,2.7,0.78,74),('2025-01-29T14:00:00','Midtown',0,10.07,0.51,3.74,0.61,59),('2025-01-29T15:00:00','OldTown',0,13.91,0.64,2.01,0.96,82),('2025-01-29T16:00:00','OldTown',0,10.02,1.65,0.69,0.65,66),('2025-01-29T17:00:00','Midtown',0,12.58,1.31,7.71,1.77,109),('2025-01-29T18:00:00','Midtown',0,12.54,0.83,3.43,1.71,103),('2025-01-29T19:00:00','OldTown',0,11.73,4.41,4.47,1.83,71),('2025-01-29T20:00:00','OldTown',0,10.52,2.57,4.7,0.69,82),('2025-01-29T21:00:00','OldTown',0,12.12,0.06,4.18,0.92,105),('2025-01-29T22:00:00','Downtown',0,12.75,0,2.76,0.68,87),('2025-01-29T23:00:00','Midtown',0,10.96,0,2.11,0.94,79),('2025-01-30T00:00:00','OldTown',0,13.06,0,0,0.76,84),('2025-01-30T01:00:00','Waterfront',0,12.7,3.39,1.26,0.7,79),('2025-01-30T02:00:00','University',0,13.23,1.47,1.01,0.66,79),('2025-01-30T03:00:00','Midtown',0,12.62,0.52,2.63,0.69,76),('2025-01-30T04:00:00','Downtown',0,14.37,1.98,0.38,0.87,86),('2025-01-30T05:00:00','Downtown',0,14.51,1.77,4,0.84,75),('2025-01-30T06:00:00','OldTown',0,10.86,1.33,3.8,0.62,57),('2025-01-30T07:00:00','University',0,13.88,4.65,1.83,1.52,107),('2025-01-30T08:00:00','Downtown',0,13.85,0.08,3.5,1.76,108),('2025-01-30T09:00:00','Downtown',0,14.62,0,0,1.75,98),('2025-01-30T10:00:00','Midtown',0,12.55,0,0,0.63,75),('2025-01-30T11:00:00','Downtown',0,12.83,2.99,3.11,0.88,80),('2025-01-30T12:00:00','University',0,13.6,0.86,0.47,0.83,69),('2025-01-30T13:00:00','Waterfront',0,13.94,3.91,4.57,0.83,100),('2025-01-30T14:00:00','OldTown',0,11.83,0,2.9,0.8,83),('2025-01-30T15:00:00','Midtown',0,15.79,1.96,5.61,0.83,76),('2025-01-30T16:00:00','Midtown',0,15.89,0,1.67,0.9,99),('2025-01-30T17:00:00','Midtown',0,15.6,0.72,4.48,1.6,95),('2025-01-30T18:00:00','OldTown',0,14.34,3.9,2.89,1.59,78),('2025-01-30T19:00:00','Midtown',0,13.9,5.31,2.52,1.61,75),('2025-01-30T20:00:00','OldTown',0,14.64,1.51,2.28,0.97,75),('2025-01-30T21:00:00','Midtown',0,12.67,1.45,5.87,0.96,85),('2025-01-30T22:00:00','OldTown',0,15.06,1.33,4.48,0.71,88),('2025-01-30T23:00:00','Midtown',0,13.21,4.59,3.18,0.63,63),('2025-01-31T00:00:00','Midtown',0,14.57,1.4,0.51,0.62,61),('2025-01-31T01:00:00','University',0,16.04,1.48,4.92,0.71,78),('2025-01-31T02:00:00','Midtown',0,16.53,2.46,2.18,0.69,75),('2025-01-31T03:00:00','University',0,14.05,0.92,0.71,0.76,76),('2025-01-31T04:00:00','Midtown',0,14,2.78,4.66,0.73,95),('2025-01-31T05:00:00','OldTown',0,14.67,1.34,1.74,0.7,92),('2025-01-31T06:00:00','Midtown',0,13.13,0.65,8.01,0.74,98),('2025-01-31T07:00:00','University',0,15.37,2.93,0.27,1.61,102),('2025-01-31T08:00:00','OldTown',0,14.78,3.92,2.6,1.83,89),('2025-01-31T09:00:00','University',0,14.13,0,2.18,1.88,109),('2025-01-31T10:00:00','OldTown',0,14.39,3.08,3.13,0.65,86),('2025-01-31T11:00:00','OldTown',0,15.68,0,3.37,0.82,82),('2025-01-31T12:00:00','Downtown',0,12.37,2.07,3.7,0.69,78),('2025-01-31T13:00:00','Waterfront',0,14.43,4.64,2.04,0.82,78),('2025-01-31T14:00:00','OldTown',0,13.95,0,3.98,0.87,81),('2025-01-31T15:00:00','Midtown',0,13.16,0,3.35,0.87,80),('2025-01-31T16:00:00','University',0,16.21,0.51,3.26,0.85,65),('2025-01-31T17:00:00','Midtown',0,15.59,2.22,4.89,1.74,98),('2025-01-31T18:00:00','Waterfront',0,16.68,2.16,3.52,1.59,95),('2025-01-31T19:00:00','Waterfront',0,15.52,2.56,0,1.81,105),('2025-01-31T20:00:00','University',0,16.28,0,2.71,0.67,90),('2025-01-31T21:00:00','University',0,15.9,0.46,5.89,0.63,85),('2025-01-31T22:00:00','OldTown',0,14.63,4.69,5.66,0.79,94),('2025-01-31T23:00:00','Midtown',0,16.52,2.23,4.35,0.66,86),('2025-02-01T00:00:00','Downtown',1,14.29,1.22,4.64,0.85,109),('2025-02-01T01:00:00','Midtown',1,12.97,3.72,0.24,0.95,96),('2025-02-01T02:00:00','University',1,17.72,0,2.6,0.78,113),('2025-02-01T03:00:00','Midtown',1,15.85,0.67,0,0.95,96),('2025-02-01T04:00:00','Midtown',1,15.57,0.21,1.68,0.74,75),('2025-02-01T05:00:00','OldTown',1,14.54,0.4,2.01,0.6,92),('2025-02-01T06:00:00','Midtown',1,17.13,2.15,1.5,0.79,110),('2025-02-01T07:00:00','Downtown',1,14.6,1.41,3.36,1.74,91),('2025-02-01T08:00:00','Midtown',1,15.89,2.6,6.83,1.67,112),('2025-02-01T09:00:00','OldTown',1,17.35,4.05,3.15,1.75,106),('2025-02-01T10:00:00','Waterfront',1,17.08,3.96,1.05,0.87,78),('2025-02-01T11:00:00','Midtown',1,15.37,4.1,3.77,0.72,78),('2025-02-01T12:00:00','OldTown',1,16.44,0.85,5.77,0.68,102),('2025-02-01T13:00:00','Midtown',1,13.51,1.27,4.6,0.65,90),('2025-02-01T14:00:00','Midtown',1,17.09,1.31,4.14,0.8,92),('2025-02-01T15:00:00','University',1,18.49,2.5,0,0.73,88),('2025-02-01T16:00:00','Midtown',1,13.83,1.31,2.24,0.79,96),('2025-02-01T17:00:00','Midtown',1,17.74,4.43,5.46,1.6,115),('2025-02-01T18:00:00','University',1,14.88,2.4,2.95,1.79,118),('2025-02-01T19:00:00','Downtown',1,16.06,2.68,2.28,1.63,94),('2025-02-01T20:00:00','Downtown',1,17.47,0.33,2.69,0.79,94),('2025-02-01T21:00:00','Waterfront',1,18.11,2.82,3.2,0.85,96),('2025-02-01T22:00:00','OldTown',1,13.92,1.86,0.45,0.76,84),('2025-02-01T23:00:00','Downtown',1,17.81,5.94,0.34,0.75,74),('2025-02-02T00:00:00','Downtown',1,15.18,0,3,0.74,112),('2025-02-02T01:00:00','University',1,14.29,0.62,1.09,0.92,80),('2025-02-02T02:00:00','University',1,16.47,0.26,5.34,0.86,91),('2025-02-02T03:00:00','Downtown',1,14.19,4.31,0.69,0.7,85),('2025-02-02T04:00:00','Waterfront',1,16.56,0,3.64,0.88,103),('2025-02-02T05:00:00','OldTown',1,15.79,2.28,0,0.84,88),('2025-02-02T06:00:00','OldTown',1,15.02,0,2.58,0.93,88),('2025-02-02T07:00:00','OldTown',1,16.16,0.69,3.15,1.84,116),('2025-02-02T08:00:00','Midtown',1,15.51,0.72,0.12,1.72,96),('2025-02-02T09:00:00','Waterfront',1,18.19,2.62,3.92,1.66,115),('2025-02-02T10:00:00','University',1,14.96,0.54,2.89,0.93,111),('2025-02-02T11:00:00','Midtown',1,14.99,3.86,3.18,0.86,87),('2025-02-02T12:00:00','Downtown',1,17.79,0,2.5,0.7,87),('2025-02-02T13:00:00','Downtown',1,14.61,3.03,5.57,0.97,87),('2025-02-02T14:00:00','Downtown',1,16.93,0.11,1.55,0.9,111),('2025-02-02T15:00:00','Waterfront',1,18.75,0,2.94,0.63,100),('2025-02-02T16:00:00','University',1,15.07,1.66,5.37,0.64,94),('2025-02-02T17:00:00','OldTown',1,17.35,2.96,3.02,1.57,116),('2025-02-02T18:00:00','Downtown',1,16.84,3.22,4.76,1.64,92),('2025-02-02T19:00:00','University',1,15.64,1.88,3.86,1.64,117),('2025-02-02T20:00:00','Waterfront',1,17.52,0,0.26,0.96,64),('2025-02-02T21:00:00','University',1,16.96,0,0.5,0.73,78),('2025-02-02T22:00:00','Midtown',1,17.76,1.89,6.32,0.97,102),('2025-02-02T23:00:00','Downtown',1,19.78,5.8,3.53,0.71,80),('2025-02-03T00:00:00','Downtown',0,17.61,2.72,2.93,0.72,83),('2025-02-03T01:00:00','OldTown',0,18.92,4.69,6.48,0.97,80),('2025-02-03T02:00:00','Waterfront',0,17.89,2.13,2.48,0.62,76),('2025-02-03T03:00:00','OldTown',0,19.6,1.97,3,0.72,92),('2025-02-03T04:00:00','OldTown',0,17.19,3.75,1.39,0.89,77),('2025-02-03T05:00:00','OldTown',0,19.33,0.13,5.37,0.61,102),('2025-02-03T06:00:00','Downtown',0,17.18,1.96,0,0.73,84),('2025-02-03T07:00:00','Downtown',0,19.66,0,3.42,1.74,125),('2025-02-03T08:00:00','Waterfront',0,18.52,0.8,2.51,1.71,99),('2025-02-03T09:00:00','Midtown',0,17.91,3.31,3.12,1.79,101),('2025-02-03T10:00:00','University',0,20.29,1.24,0.38,0.64,65),('2025-02-03T11:00:00','Midtown',0,16.14,2.51,5.26,0.62,89),('2025-02-03T12:00:00','University',0,16.83,0,4.27,0.88,95),('2025-02-03T13:00:00','OldTown',0,17.99,0,2.24,0.85,85),('2025-02-03T14:00:00','Midtown',0,16.82,4.01,4.51,0.73,82),('2025-02-03T15:00:00','Downtown',0,17.75,0.84,1.98,0.84,94),('2025-02-03T16:00:00','Midtown',0,19.51,2.01,4.62,0.93,96),('2025-02-03T17:00:00','Downtown',0,15.93,0,3.55,1.65,100),('2025-02-03T18:00:00','Downtown',0,16.3,5.34,4.64,1.87,106),('2025-02-03T19:00:00','Waterfront',0,17.49,0,3.57,1.69,100),('2025-02-03T20:00:00','University',0,16.86,0.02,2.68,0.81,89),('2025-02-03T21:00:00','OldTown',0,19.33,3.26,2.04,0.96,74),('2025-02-03T22:00:00','Downtown',0,16.1,1.91,4.43,0.92,86),('2025-02-03T23:00:00','Waterfront',0,16.25,0.8,1.43,0.97,74),('2025-02-04T00:00:00','Downtown',0,20.28,4.79,3.48,0.86,80),('2025-02-04T01:00:00','University',0,20.51,2.95,0.32,0.64,76),('2025-02-04T02:00:00','Waterfront',0,18.53,0,4.19,0.61,91),('2025-02-04T03:00:00','Waterfront',0,18.51,3.41,2.99,0.87,79),('2025-02-04T04:00:00','Midtown',0,19.22,1.63,8.51,0.8,104),('2025-02-04T05:00:00','Waterfront',0,20.58,0,3.19,0.82,92),('2025-02-04T06:00:00','OldTown',0,17.29,0.22,4.67,0.65,89),('2025-02-04T07:00:00','Midtown',0,20.56,0,2.19,1.73,99),('2025-02-04T08:00:00','OldTown',0,21.08,2.56,2.04,1.72,101),('2025-02-04T09:00:00','OldTown',0,19.68,2.15,3.32,1.78,109),('2025-02-04T10:00:00','University',0,20.84,0,4.86,0.91,93),('2025-02-04T11:00:00','Waterfront',0,17.91,0,0,0.65,74),('2025-02-04T12:00:00','Waterfront',0,20.55,1.47,3.39,0.73,113),('2025-02-04T13:00:00','Waterfront',0,18.6,0.42,6.88,0.97,93),('2025-02-04T14:00:00','OldTown',0,17.17,1.56,3.98,0.61,98),('2025-02-04T15:00:00','Waterfront',0,19.28,0.98,3.17,0.87,98),('2025-02-04T16:00:00','University',0,16.87,1.38,1.95,0.94,72),('2025-02-04T17:00:00','Downtown',0,20.76,1.71,1.91,1.58,100),('2025-02-04T18:00:00','University',0,18.57,5.22,2.11,1.88,94),('2025-02-04T19:00:00','OldTown',0,20.35,3.85,7.19,1.89,118),('2025-02-04T20:00:00','Midtown',0,19.04,0.3,4.97,0.7,91),('2025-02-04T21:00:00','OldTown',0,20.22,1.5,0,0.83,97),('2025-02-04T22:00:00','Downtown',0,19.27,3.45,0.53,0.81,58),('2025-02-04T23:00:00','Downtown',0,21.06,2.21,3.07,0.99,102),('2025-02-05T00:00:00','Waterfront',0,19.48,0,2.71,0.62,86),('2025-02-05T01:00:00','Downtown',0,20.59,2.95,2.73,0.72,87),('2025-02-05T02:00:00','University',0,20.2,2.85,1.73,0.86,92),('2025-02-05T03:00:00','Midtown',0,20.66,2.34,5.85,0.65,83),('2025-02-05T04:00:00','Downtown',0,18.41,3.16,3.34,0.96,101),('2025-02-05T05:00:00','Downtown',0,18.07,0,1.44,0.92,70),('2025-02-05T06:00:00','OldTown',0,17.3,0.51,0.27,0.63,76),('2025-02-05T07:00:00','University',0,19.93,0,4.36,1.52,120),('2025-02-05T08:00:00','Downtown',0,21.45,0,1.83,1.56,110),('2025-02-05T09:00:00','University',0,19.01,0.37,1.75,1.68,120),('2025-02-05T10:00:00','Midtown',0,17.52,2.02,3.99,0.85,87),('2025-02-05T11:00:00','OldTown',0,19.68,3.19,7.14,0.7,89),('2025-02-05T12:00:00','Waterfront',0,20.28,0,3.62,0.84,116),('2025-02-05T13:00:00','University',0,20.1,1.35,0,0.62,72),('2025-02-05T14:00:00','Waterfront',0,17.3,0.61,3.91,0.61,75),('2025-02-05T15:00:00','Waterfront',0,21.64,0.05,4.98,0.67,99),('2025-02-05T16:00:00','OldTown',0,20.12,0.33,0.49,0.91,94),('2025-02-05T17:00:00','Midtown',0,18.88,2.98,6.33,1.63,108),('2025-02-05T18:00:00','Waterfront',0,21.2,1.38,0,1.53,91),('2025-02-05T19:00:00','Downtown',0,18.76,1.37,1.82,1.58,102),('2025-02-05T20:00:00','Waterfront',0,17.68,0.88,0.21,0.99,70),('2025-02-05T21:00:00','OldTown',0,19.29,1.48,3.89,0.83,83),('2025-02-05T22:00:00','University',0,18.94,2.79,4.87,0.81,79),('2025-02-05T23:00:00','Downtown',0,21.61,0,3.18,0.68,101),('2025-02-06T00:00:00','Midtown',0,17.33,0.56,2.29,0.94,101),('2025-02-06T01:00:00','University',0,17.45,0,0.88,0.68,99),('2025-02-06T02:00:00','Downtown',0,20.69,1.18,3.75,0.72,74),('2025-02-06T03:00:00','Downtown',0,20.68,0.25,1.26,0.85,104),('2025-02-06T04:00:00','Downtown',0,21.43,2.38,6.56,0.97,85),('2025-02-06T05:00:00','OldTown',0,20.51,1.47,0.21,0.96,87),('2025-02-06T06:00:00','OldTown',0,21.77,0,3.86,0.97,111),('2025-02-06T07:00:00','Waterfront',0,20.93,1.95,2.01,1.58,111),('2025-02-06T08:00:00','Midtown',0,21.32,2.48,1.79,1.89,102),('2025-02-06T09:00:00','OldTown',0,20.47,1.64,4.43,1.66,95),('2025-02-06T10:00:00','Downtown',0,17.93,1.51,1.32,0.94,83),('2025-02-06T11:00:00','University',0,19.84,0,3.17,0.98,108),('2025-02-06T12:00:00','OldTown',0,19.99,1.99,4.73,0.61,88),('2025-02-06T13:00:00','Midtown',0,17.5,1.96,0.66,0.68,78),('2025-02-06T14:00:00','OldTown',0,21.05,0,2.49,0.66,103),('2025-02-06T15:00:00','OldTown',0,20.78,0,5.16,0.78,110),('2025-02-06T16:00:00','Downtown',0,17.99,1,3.56,0.94,98),('2025-02-06T17:00:00','Waterfront',0,17.93,0.03,3.34,1.51,88),('2025-02-06T18:00:00','Downtown',0,20.62,1.5,4.3,1.61,89),('2025-02-06T19:00:00','OldTown',0,18.8,0.58,3.54,1.88,115),('2025-02-06T20:00:00','Waterfront',0,20.01,1.65,4.79,0.73,100),('2025-02-06T21:00:00','OldTown',0,20.32,3.38,3.82,0.96,94),('2025-02-06T22:00:00','Midtown',0,19.67,2.59,4.65,0.87,91),('2025-02-06T23:00:00','Midtown',0,19.42,1.57,1.82,0.85,65),('2025-02-07T00:00:00','Midtown',0,20.55,0,6.41,0.89,97),('2025-02-07T01:00:00','Downtown',0,20.31,0,6,0.88,111),('2025-02-07T02:00:00','OldTown',0,19.75,0.07,0.12,0.79,87),('2025-02-07T03:00:00','Waterfront',0,18.77,2.47,2.17,0.97,90),('2025-02-07T04:00:00','Midtown',0,21.43,2.66,1.52,0.61,69),('2025-02-07T05:00:00','OldTown',0,21.72,1.46,2.63,0.83,98),('2025-02-07T06:00:00','OldTown',0,18.01,2.52,0,0.73,65),('2025-02-07T07:00:00','University',0,19.8,0,1.76,1.6,101),('2025-02-07T08:00:00','Midtown',0,22.37,0,4.22,1.83,102),('2025-02-07T09:00:00','Downtown',0,20.33,0,1.31,1.57,117),('2025-02-07T10:00:00','Downtown',0,21.2,0.39,0,0.65,77),('2025-02-07T11:00:00','Downtown',0,21.61,0.29,5.24,0.63,118),('2025-02-07T12:00:00','University',0,20.93,0,0.89,0.73,86),('2025-02-07T13:00:00','Downtown',0,21.58,0.69,6.28,0.85,86),('2025-02-07T14:00:00','University',0,21.28,0.15,1.14,0.72,80),('2025-02-07T15:00:00','Waterfront',0,20.91,0,1.94,0.97,107),('2025-02-07T16:00:00','OldTown',0,22.09,3.84,1.77,0.97,95),('2025-02-07T17:00:00','Waterfront',0,22.43,1.05,2.14,1.62,108),('2025-02-07T18:00:00','Waterfront',0,22,1.27,2.98,1.72,112),('2025-02-07T19:00:00','Waterfront',0,21.82,1.08,3.29,1.66,123),('2025-02-07T20:00:00','OldTown',0,21.04,0,4.19,0.68,97),('2025-02-07T21:00:00','University',0,19.4,2.07,6.41,0.66,81),('2025-02-07T22:00:00','University',0,18.15,1.49,3.16,0.89,78),('2025-02-07T23:00:00','OldTown',0,17.9,1.36,1.7,0.78,75),('2025-02-08T00:00:00','University',1,22.12,0,1.46,0.77,104),('2025-02-08T01:00:00','University',1,18.39,0,0.92,0.94,90),('2025-02-08T02:00:00','Midtown',1,21.02,0.7,7.54,0.83,112),('2025-02-08T03:00:00','University',1,20.97,1.3,4.74,0.88,110),('2025-02-08T04:00:00','OldTown',1,21.09,0,2.35,0.9,100),('2025-02-08T05:00:00','Downtown',1,21.88,3.33,4.92,0.9,103),('2025-02-08T06:00:00','Downtown',1,20.85,0,2.36,0.85,112),('2025-02-08T07:00:00','Midtown',1,19.76,0,0.76,1.79,113),('2025-02-08T08:00:00','Waterfront',1,19.17,2.69,2.77,1.57,100),('2025-02-08T09:00:00','University',1,21.04,0,2.34,1.69,115),('2025-02-08T10:00:00','University',1,20.26,0.37,1.62,0.89,110),('2025-02-08T11:00:00','Waterfront',1,19.91,1.55,3.96,0.65,89),('2025-02-08T12:00:00','Midtown',1,18.75,1.07,6.29,0.84,118),('2025-02-08T13:00:00','University',1,19.21,0,4.58,0.69,117),('2025-02-08T14:00:00','University',1,21.34,2.27,1.6,0.63,103),('2025-02-08T15:00:00','Midtown',1,21.52,4.52,3.04,0.75,76),('2025-02-08T16:00:00','Downtown',1,20.95,2.37,5.28,0.94,108),('2025-02-08T17:00:00','OldTown',1,17.57,1.67,0.78,1.69,107),('2025-02-08T18:00:00','Waterfront',1,18.47,0.47,1.18,1.61,98),('2025-02-08T19:00:00','Downtown',1,21.92,0.83,0.14,1.88,118),('2025-02-08T20:00:00','Waterfront',1,17.76,0,2.63,0.94,90),('2025-02-08T21:00:00','Midtown',1,18.93,0,2.9,0.86,106),('2025-02-08T22:00:00','University',1,19.55,0.59,1.67,0.87,99),('2025-02-08T23:00:00','Midtown',1,18.79,0,3.26,0.63,98),('2025-02-09T00:00:00','Downtown',1,17.7,2.75,4.32,0.69,89),('2025-02-09T01:00:00','University',1,20.29,2.35,5.52,0.96,106),('2025-02-09T02:00:00','OldTown',1,21.93,0,0.61,0.65,98),('2025-02-09T03:00:00','Waterfront',1,21.17,0.45,3.39,0.67,104),('2025-02-09T04:00:00','Waterfront',1,19.47,3.56,1.89,0.97,87),('2025-02-09T05:00:00','Midtown',1,18.41,3.07,3.31,0.62,79),('2025-02-09T06:00:00','University',1,18.77,5.38,4.84,0.71,73),('2025-02-09T07:00:00','Midtown',1,20.14,1.96,4.01,1.56,121),('2025-02-09T08:00:00','OldTown',1,18.16,0,0,1.79,114),('2025-02-09T09:00:00','Downtown',1,20.68,1.62,3.07,1.7,111),('2025-02-09T10:00:00','OldTown',1,21.69,0.48,1.65,0.88,110),('2025-02-09T11:00:00','Downtown',1,20.54,0,3.3,0.76,90),('2025-02-09T12:00:00','Waterfront',1,19.68,5.67,3.1,0.93,71),('2025-02-09T13:00:00','Downtown',1,18.63,1.46,2.78,1,101),('2025-02-09T14:00:00','University',1,18.77,2.19,1.55,0.94,92),('2025-02-09T15:00:00','Midtown',1,17.8,0,4.91,0.68,103),('2025-02-09T16:00:00','University',1,21.38,0.04,1.62,0.63,85),('2025-02-09T17:00:00','Midtown',1,17.05,0,9.62,1.6,132),('2025-02-09T18:00:00','Downtown',1,17.16,0,2.57,1.71,120),('2025-02-09T19:00:00','Downtown',1,17.01,0,6.31,1.52,124),('2025-02-09T20:00:00','OldTown',1,17.86,0,1,0.98,107),('2025-02-09T21:00:00','Downtown',1,17.94,0,5.93,0.8,113),('2025-02-09T22:00:00','Downtown',1,19.11,1.68,2.7,0.88,100),('2025-02-09T23:00:00','OldTown',1,21.25,2.01,3.39,0.84,93),('2025-02-10T00:00:00','University',0,17.02,1.56,2.1,0.84,81),('2025-02-10T01:00:00','Waterfront',0,18.8,0.77,5.14,0.87,69),('2025-02-10T02:00:00','Downtown',0,17.25,0.29,0.7,0.73,90),('2025-02-10T03:00:00','Midtown',0,19.58,0.93,2.48,0.66,90),('2025-02-10T04:00:00','OldTown',0,17.43,0.46,3.88,0.7,85),('2025-02-10T05:00:00','Downtown',0,18.44,0.73,5.25,0.63,108),('2025-02-10T06:00:00','Midtown',0,17.43,3.41,4.54,0.95,69),('2025-02-10T07:00:00','Midtown',0,19.97,2.84,3.78,1.71,115),('2025-02-10T08:00:00','Downtown',0,17.67,2.46,5.73,1.74,102),('2025-02-10T09:00:00','University',0,19.58,0,3.38,1.5,97),('2025-02-10T10:00:00','OldTown',0,17.38,6.12,2.54,0.85,88),('2025-02-10T11:00:00','University',0,17.48,0,3.37,0.71,76),('2025-02-10T12:00:00','Downtown',0,16.92,3.25,6.11,0.96,83),('2025-02-10T13:00:00','OldTown',0,16.6,1.22,2.1,0.7,87),('2025-02-10T14:00:00','Downtown',0,20.32,1.23,2.41,0.9,95),('2025-02-10T15:00:00','OldTown',0,18.69,0.69,6.17,0.89,112),('2025-02-10T16:00:00','University',0,19.13,0,4.61,0.96,99),('2025-02-10T17:00:00','University',0,16.69,2.06,2.69,1.65,78),('2025-02-10T18:00:00','University',0,16.53,0.68,2.66,1.67,106),('2025-02-10T19:00:00','Waterfront',0,18.07,3.61,5.09,1.75,112),('2025-02-10T20:00:00','Midtown',0,17.11,3.13,5.2,0.62,94),('2025-02-10T21:00:00','University',0,18.16,3.86,3.09,0.72,70),('2025-02-10T22:00:00','Downtown',0,19.98,0,0.9,0.67,106),('2025-02-10T23:00:00','Midtown',0,18.06,0.54,0,0.69,79),('2025-02-11T00:00:00','OldTown',0,20.15,0.67,6.18,0.89,99),('2025-02-11T01:00:00','Downtown',0,17.04,2.8,7.34,0.97,82),('2025-02-11T02:00:00','Midtown',0,17.98,6.53,4.69,0.89,63),('2025-02-11T03:00:00','University',0,18.25,1.15,4.1,0.78,72),('2025-02-11T04:00:00','University',0,16.24,1.25,0,0.76,80),('2025-02-11T05:00:00','Midtown',0,19.02,2.86,4.92,0.72,91),('2025-02-11T06:00:00','Midtown',0,20.04,1.19,2.56,0.78,91),('2025-02-11T07:00:00','Downtown',0,16.64,0,4.94,1.78,102),('2025-02-11T08:00:00','Waterfront',0,19.98,4.64,4.82,1.63,106),('2025-02-11T09:00:00','Downtown',0,19.13,1.59,1.01,1.58,88),('2025-02-11T10:00:00','Downtown',0,18.7,0,6.98,0.81,109),('2025-02-11T11:00:00','University',0,16.11,0.28,1.15,0.75,94),('2025-02-11T12:00:00','OldTown',0,18.76,0.55,0.54,0.91,93),('2025-02-11T13:00:00','University',0,16.05,2.44,0,0.83,79),('2025-02-11T14:00:00','Downtown',0,19.21,1.31,1.25,0.96,77),('2025-02-11T15:00:00','Downtown',0,15.72,1.16,1.7,0.81,92),('2025-02-11T16:00:00','Downtown',0,17.71,0,2.26,0.96,83),('2025-02-11T17:00:00','University',0,16.26,1.71,3.64,1.66,98),('2025-02-11T18:00:00','University',0,16.72,2.03,2.74,1.61,93),('2025-02-11T19:00:00','OldTown',0,17.84,0,1.84,1.89,102),('2025-02-11T20:00:00','Downtown',0,19.86,0,3.34,0.9,102),('2025-02-11T21:00:00','Midtown',0,19.52,1.36,3.54,0.86,114),('2025-02-11T22:00:00','OldTown',0,18.01,0,0.08,0.79,79),('2025-02-11T23:00:00','University',0,17.3,0,2.65,0.92,97),('2025-02-12T00:00:00','Waterfront',0,18.98,1.45,4.91,0.72,93),('2025-02-12T01:00:00','Waterfront',0,17.27,0.36,5.28,0.88,115),('2025-02-12T02:00:00','Downtown',0,15.86,2.48,5.8,0.96,91),('2025-02-12T03:00:00','University',0,15.11,0.17,2.58,0.7,90),('2025-02-12T04:00:00','University',0,15.89,0.49,0.15,0.99,92),('2025-02-12T05:00:00','University',0,17.49,2.77,3.32,0.97,87),('2025-02-12T06:00:00','Waterfront',0,19.51,2.14,2.49,0.99,76),('2025-02-12T07:00:00','OldTown',0,17.1,0.59,1.81,1.89,129),('2025-02-12T08:00:00','Midtown',0,18.02,2.09,0,1.87,94),('2025-02-12T09:00:00','Midtown',0,19.14,1.95,4.62,1.62,113),('2025-02-12T10:00:00','OldTown',0,17.68,1.51,4.85,0.73,83),('2025-02-12T11:00:00','OldTown',0,15.66,0.45,4.48,0.61,84),('2025-02-12T12:00:00','OldTown',0,18.75,0,0,0.99,80),('2025-02-12T13:00:00','University',0,17.49,2.49,7.1,0.74,82),('2025-02-12T14:00:00','Midtown',0,18,0,3.87,0.6,85),('2025-02-12T15:00:00','Midtown',0,18.74,2.48,5.75,0.78,97),('2025-02-12T16:00:00','University',0,18.34,0.42,6.51,0.99,82),('2025-02-12T17:00:00','OldTown',0,18.46,2.97,2.09,1.62,91),('2025-02-12T18:00:00','Waterfront',0,19.16,5.38,5.05,1.8,105),('2025-02-12T19:00:00','University',0,16.26,2.17,0.04,1.8,89),('2025-02-12T20:00:00','OldTown',0,15.13,1.94,1.56,0.8,83),('2025-02-12T21:00:00','Downtown',0,15.61,0,0.92,0.61,77),('2025-02-12T22:00:00','Waterfront',0,14.81,0.4,5.72,0.85,104),('2025-02-12T23:00:00','Downtown',0,16.08,3.07,0,0.7,72),('2025-02-13T00:00:00','Midtown',0,17.77,0,3.23,0.84,85),('2025-02-13T01:00:00','Downtown',0,18.24,2.77,1.42,0.88,72),('2025-02-13T02:00:00','Midtown',0,15.72,1.16,2.63,0.7,78),('2025-02-13T03:00:00','Midtown',0,18.2,0.7,3.79,0.71,94),('2025-02-13T04:00:00','University',0,16.94,1.75,2.82,0.72,80),('2025-02-13T05:00:00','OldTown',0,17.54,0.65,3.36,0.9,95),('2025-02-13T06:00:00','Waterfront',0,15.27,0,6.53,0.92,96),('2025-02-13T07:00:00','OldTown',0,14.09,3.96,0,1.51,72),('2025-02-13T08:00:00','OldTown',0,14.97,1.53,0.97,1.87,102),('2025-02-13T09:00:00','OldTown',0,14.62,2.28,4.61,1.75,121),('2025-02-13T10:00:00','Downtown',0,17.69,0.55,0,0.92,66),('2025-02-13T11:00:00','Waterfront',0,17.51,3.19,5.03,0.72,77),('2025-02-13T12:00:00','Waterfront',0,14.06,0,5.11,0.81,99),('2025-02-13T13:00:00','University',0,13.46,0.99,3.56,0.94,81),('2025-02-13T14:00:00','Downtown',0,16.7,0.76,4.28,0.99,79),('2025-02-13T15:00:00','Downtown',0,13.6,2.59,3.52,0.62,60),('2025-02-13T16:00:00','Waterfront',0,13.33,0,0.74,0.79,85),('2025-02-13T17:00:00','University',0,16.45,0.91,3.1,1.87,89),('2025-02-13T18:00:00','Waterfront',0,16,2.03,5.83,1.51,111),('2025-02-13T19:00:00','OldTown',0,17.75,3.56,2.32,1.7,98),('2025-02-13T20:00:00','University',0,14.17,0.46,2.61,0.83,93),('2025-02-13T21:00:00','Downtown',0,17.73,1.31,4.58,0.6,101),('2025-02-13T22:00:00','Downtown',0,17.48,4.28,1.13,0.79,70),('2025-02-13T23:00:00','University',0,13.71,0.11,1.8,0.69,90),('2025-02-14T00:00:00','Waterfront',0,14.79,1.31,1.27,0.79,68),('2025-02-14T01:00:00','Downtown',0,16.23,0.94,2.46,0.73,83),('2025-02-14T02:00:00','Midtown',0,14.58,0,3.87,0.87,95),('2025-02-14T03:00:00','Midtown',0,14.06,0.12,3.8,0.63,81),('2025-02-14T04:00:00','OldTown',0,17.25,1.01,3.24,0.87,84),('2025-02-14T05:00:00','OldTown',0,15.79,0,3.96,0.76,94),('2025-02-14T06:00:00','University',0,17.34,1,0,0.67,74),('2025-02-14T07:00:00','Midtown',0,15.37,2.11,4.02,1.84,102),('2025-02-14T08:00:00','Midtown',0,13.74,0.66,0.43,1.61,98),('2025-02-14T09:00:00','OldTown',0,14.07,0,0.55,1.9,81),('2025-02-14T10:00:00','University',0,13.63,1.3,2.05,0.7,65),('2025-02-14T11:00:00','Downtown',0,12.34,1.24,2.71,0.8,63),('2025-02-14T12:00:00','Downtown',0,17,0,5.03,0.66,89),('2025-02-14T13:00:00','Waterfront',0,15.39,0.64,0.69,0.79,80),('2025-02-14T14:00:00','Downtown',0,15.34,0,3.1,0.74,96),('2025-02-14T15:00:00','Midtown',0,16.93,0,3.73,0.78,88),('2025-02-14T16:00:00','University',0,14.14,2.29,3.28,0.86,85),('2025-02-14T17:00:00','Downtown',0,14.33,0,5.11,1.69,120),('2025-02-14T18:00:00','University',0,14.67,0,3.15,1.72,93),('2025-02-14T19:00:00','OldTown',0,14.3,1.64,1.19,1.89,106),('2025-02-14T20:00:00','Waterfront',0,15.1,1.35,1.37,0.62,73),('2025-02-14T21:00:00','Waterfront',0,13.41,0.69,2.98,0.96,85),('2025-02-14T22:00:00','University',0,13.52,0,5.71,0.76,99),('2025-02-14T23:00:00','Waterfront',0,14.8,1.67,0,0.63,61),('2025-02-15T00:00:00','OldTown',1,12.08,2.28,5.18,0.61,82),('2025-02-15T01:00:00','Waterfront',1,15.96,0,2.68,0.84,113),('2025-02-15T02:00:00','Waterfront',1,13.29,0,4.66,0.92,113),('2025-02-15T03:00:00','Waterfront',1,13.84,2.79,4.12,0.67,72),('2025-02-15T04:00:00','OldTown',1,13.12,0,3.92,0.94,104),('2025-02-15T05:00:00','University',1,12.32,0,2.84,0.83,103),('2025-02-15T06:00:00','OldTown',1,14.32,3.96,2.17,0.83,74),('2025-02-15T07:00:00','Waterfront',1,15.15,0.42,1.64,1.82,112),('2025-02-15T08:00:00','OldTown',1,13.61,0.38,5.81,1.63,108),('2025-02-15T09:00:00','OldTown',1,13.31,1.9,3.11,1.51,95),('2025-02-15T10:00:00','OldTown',1,15.3,0.1,2.36,0.98,98),('2025-02-15T11:00:00','Downtown',1,14.98,0,5.62,0.97,88),('2025-02-15T12:00:00','Midtown',1,13.49,0.53,3.85,0.66,89),('2025-02-15T13:00:00','Midtown',1,12.88,0,5.81,0.85,85),('2025-02-15T14:00:00','University',1,12.11,0.95,4.15,0.87,95),('2025-02-15T15:00:00','OldTown',1,11.69,2.52,3.1,0.79,104),('2025-02-15T16:00:00','Waterfront',1,15.63,0,5.05,0.68,99),('2025-02-15T17:00:00','Midtown',1,13.92,1.63,4.75,1.89,131),('2025-02-15T18:00:00','Midtown',1,14.48,4.8,4.45,1.63,96),('2025-02-15T19:00:00','University',1,15,1.82,1.03,1.66,83),('2025-02-15T20:00:00','OldTown',1,11.65,0,1.98,0.65,82),('2025-02-15T21:00:00','Waterfront',1,11.68,0,4.1,0.65,88),('2025-02-15T22:00:00','University',1,12.01,0,2,0.9,95),('2025-02-15T23:00:00','OldTown',1,10.85,3.08,3.36,0.76,90),('2025-02-16T00:00:00','University',1,10.54,0,2.35,0.65,78),('2025-02-16T01:00:00','Waterfront',1,15.03,0.62,6.42,0.75,85),('2025-02-16T02:00:00','Downtown',1,14.27,5.86,3.69,0.84,86),('2025-02-16T03:00:00','Waterfront',1,13.56,0,3.36,0.82,89),('2025-02-16T04:00:00','Midtown',1,13.25,0.01,0,0.87,83),('2025-02-16T05:00:00','Waterfront',1,11.95,0.91,4.69,0.99,92),('2025-02-16T06:00:00','Midtown',1,11.46,3.99,1.69,0.72,79),('2025-02-16T07:00:00','Downtown',1,13.06,0.38,5.48,1.66,103),('2025-02-16T08:00:00','Waterfront',1,11.23,3.94,4.68,1.7,97),('2025-02-16T09:00:00','Waterfront',1,13.39,0,5.65,1.83,106),('2025-02-16T10:00:00','Downtown',1,12.29,0,5.18,0.93,100),('2025-02-16T11:00:00','University',1,13.52,0,2.2,0.78,88),('2025-02-16T12:00:00','University',1,9.67,1.67,4.62,0.83,96),('2025-02-16T13:00:00','Midtown',1,13.84,2.07,1.61,0.73,68),('2025-02-16T14:00:00','Downtown',1,13.92,1.94,3.92,0.84,88),('2025-02-16T15:00:00','OldTown',1,11.58,2.49,4.7,0.98,110),('2025-02-16T16:00:00','Midtown',1,10.58,5.06,1.55,0.86,58),('2025-02-16T17:00:00','Midtown',1,10.4,0,2.63,1.66,101),('2025-02-16T18:00:00','OldTown',1,12.36,3.88,7.06,1.57,102),('2025-02-16T19:00:00','Downtown',1,11.49,1.08,4.93,1.77,106),('2025-02-16T20:00:00','Midtown',1,10.38,2.46,7.63,0.93,94),('2025-02-16T21:00:00','Waterfront',1,9.86,4.17,4.68,1,74),('2025-02-16T22:00:00','University',1,12.8,1.62,4.17,0.92,121),('2025-02-16T23:00:00','Midtown',1,12.21,2.08,4.6,0.87,86),('2025-02-17T00:00:00','Midtown',0,9.5,0,3.79,0.99,83),('2025-02-17T01:00:00','Downtown',0,12.56,1.95,2.87,0.64,69),('2025-02-17T02:00:00','OldTown',0,9.23,3.04,2.05,0.74,58),('2025-02-17T03:00:00','Midtown',0,12.47,0,3.08,0.8,86),('2025-02-17T04:00:00','Waterfront',0,10.39,0,4.18,0.99,78),('2025-02-17T05:00:00','Downtown',0,9.68,0.33,1.18,0.79,79),('2025-02-17T06:00:00','Waterfront',0,10.37,0.22,2.79,0.65,86),('2025-02-17T07:00:00','OldTown',0,12.48,1.46,4.46,1.85,100),('2025-02-17T08:00:00','Midtown',0,12.84,3.15,1.93,1.67,97),('2025-02-17T09:00:00','Midtown',0,12.47,3.73,5.28,1.76,111),('2025-02-17T10:00:00','Midtown',0,8.87,1.97,4.16,0.61,74),('2025-02-17T11:00:00','OldTown',0,9.14,4.01,4.85,0.78,66),('2025-02-17T12:00:00','Waterfront',0,10.94,0,3.17,0.95,91),('2025-02-17T13:00:00','OldTown',0,9.37,1.76,4.17,0.71,89),('2025-02-17T14:00:00','University',0,9.48,1.36,3,0.91,90),('2025-02-17T15:00:00','Downtown',0,12.22,4.87,1.15,0.61,43),('2025-02-17T16:00:00','Midtown',0,10.3,0,0.36,0.93,84),('2025-02-17T17:00:00','Downtown',0,10.56,1.81,5.58,1.5,93),('2025-02-17T18:00:00','OldTown',0,11.52,2.72,2.46,1.79,90),('2025-02-17T19:00:00','Downtown',0,8.84,0,5.35,1.61,89),('2025-02-17T20:00:00','Midtown',0,11.87,0,2.21,0.64,81),('2025-02-17T21:00:00','Waterfront',0,8.56,2.53,3.72,0.91,73),('2025-02-17T22:00:00','Waterfront',0,11.3,2.2,2.67,0.72,81),('2025-02-17T23:00:00','Waterfront',0,12.54,0,1.5,0.64,75),('2025-02-18T00:00:00','Midtown',0,10.55,0,3.27,0.79,75),('2025-02-18T01:00:00','Downtown',0,12,0.47,1.39,0.77,73),('2025-02-18T02:00:00','OldTown',0,10.47,3.87,2.5,0.86,66),('2025-02-18T03:00:00','Midtown',0,11,0,1.36,0.77,80),('2025-02-18T04:00:00','OldTown',0,9.32,3.92,2.7,0.72,68),('2025-02-18T05:00:00','Midtown',0,8.01,3.1,3.54,0.64,71),('2025-02-18T06:00:00','OldTown',0,9.8,0,3.7,0.93,80),('2025-02-18T07:00:00','Midtown',0,7.77,3.08,2.87,1.81,78),('2025-02-18T08:00:00','Midtown',0,7.88,0,4.57,1.63,98),('2025-02-18T09:00:00','University',0,10.73,0,2.51,1.85,129),('2025-02-18T10:00:00','Downtown',0,8.63,5.7,5.68,0.7,62),('2025-02-18T11:00:00','Midtown',0,7.56,0,3.91,0.79,88),('2025-02-18T12:00:00','Waterfront',0,11.84,3.59,2.42,0.79,52),('2025-02-18T13:00:00','Downtown',0,10.91,0,5.92,0.92,90),('2025-02-18T14:00:00','University',0,8.04,2.07,3.08,0.61,91),('2025-02-18T15:00:00','OldTown',0,9.78,0.54,3.91,0.94,92),('2025-02-18T16:00:00','University',0,8.3,0.57,5.12,0.79,91),('2025-02-18T17:00:00','Midtown',0,11,1.35,0.83,1.51,92),('2025-02-18T18:00:00','Midtown',0,10.19,1.9,5.48,1.83,103),('2025-02-18T19:00:00','OldTown',0,12.13,1.27,4.9,1.74,89),('2025-02-18T20:00:00','Midtown',0,12.19,2.97,3.47,0.81,73),('2025-02-18T21:00:00','OldTown',0,8.32,0,3.36,0.83,85),('2025-02-18T22:00:00','Waterfront',0,7.44,2.66,1.7,0.79,46),('2025-02-18T23:00:00','Midtown',0,9.33,1.34,1.91,0.89,81),('2025-02-19T00:00:00','Midtown',0,8.77,1.34,4.4,0.96,77),('2025-02-19T01:00:00','Waterfront',0,7.67,3.27,2.15,0.98,87),('2025-02-19T02:00:00','Midtown',0,10.96,2.27,0,0.85,68),('2025-02-19T03:00:00','Midtown',0,7.59,4.13,3.85,0.64,79),('2025-02-19T04:00:00','Waterfront',0,11.63,0,3.06,0.82,96),('2025-02-19T05:00:00','Downtown',0,8.66,1.19,5.04,0.96,102),('2025-02-19T06:00:00','Waterfront',0,10.88,0.74,3.84,0.69,72),('2025-02-19T07:00:00','University',0,10.74,0.41,3.42,1.72,84),('2025-02-19T08:00:00','Midtown',0,11.05,2.92,1.06,1.54,107),('2025-02-19T09:00:00','OldTown',0,11.56,2.56,3.2,1.81,68),('2025-02-19T10:00:00','University',0,10.63,4.37,1.79,0.62,75),('2025-02-19T11:00:00','OldTown',0,11.24,2.76,3.92,0.78,84),('2025-02-19T12:00:00','University',0,9.15,1.92,2.16,0.75,76),('2025-02-19T13:00:00','Midtown',0,8.82,0.36,0.04,0.7,83),('2025-02-19T14:00:00','University',0,8.3,0.44,2.97,0.75,80),('2025-02-19T15:00:00','Midtown',0,7.32,0,3.05,0.69,69),('2025-02-19T16:00:00','Downtown',0,8.6,0,4.2,0.94,91),('2025-02-19T17:00:00','Downtown',0,8.72,0,3.4,1.71,84),('2025-02-19T18:00:00','University',0,6.9,0,8.2,1.57,122),('2025-02-19T19:00:00','OldTown',0,10.96,2.34,5.64,1.79,105),('2025-02-19T20:00:00','Waterfront',0,11.28,0,5.02,0.88,102),('2025-02-19T21:00:00','University',0,10.94,0,4.62,0.81,89),('2025-02-19T22:00:00','Waterfront',0,9.87,0.05,3.45,0.82,89),('2025-02-19T23:00:00','Waterfront',0,10.78,0,3.4,0.68,74),('2025-02-20T00:00:00','OldTown',0,6.73,0,2.54,0.89,91),('2025-02-20T01:00:00','University',0,7.7,0,5.11,0.81,94),('2025-02-20T02:00:00','Midtown',0,6.38,2.93,1.42,0.7,70),('2025-02-20T03:00:00','OldTown',0,11.17,0,3.54,0.75,88),('2025-02-20T04:00:00','Midtown',0,7.98,3.7,3.86,0.65,64),('2025-02-20T05:00:00','OldTown',0,7.88,4.01,3.29,0.83,86),('2025-02-20T06:00:00','University',0,10.38,1.35,4.68,0.87,90),('2025-02-20T07:00:00','OldTown',0,9.71,0,1.5,1.63,95),('2025-02-20T08:00:00','Downtown',0,7.08,1.55,0.83,1.56,76),('2025-02-20T09:00:00','Waterfront',0,6.4,2.04,4.74,1.68,86),('2025-02-20T10:00:00','Midtown',0,9.45,0,4.47,0.91,98),('2025-02-20T11:00:00','Midtown',0,11.03,0,1.18,0.89,60),('2025-02-20T12:00:00','OldTown',0,10.14,1.78,3.82,0.88,92),('2025-02-20T13:00:00','OldTown',0,6.59,3.24,3.53,0.9,84),('2025-02-20T14:00:00','Downtown',0,7.83,3.53,2.19,0.76,77),('2025-02-20T15:00:00','Waterfront',0,8.58,2.81,4.26,0.75,81),('2025-02-20T16:00:00','Waterfront',0,8.37,1.46,1.93,0.84,96),('2025-02-20T17:00:00','Waterfront',0,7,2.35,3.97,1.55,78),('2025-02-20T18:00:00','Midtown',0,6.24,3.18,3.63,1.62,77),('2025-02-20T19:00:00','OldTown',0,8.26,1.68,2.49,1.8,80),('2025-02-20T20:00:00','OldTown',0,9.05,1.4,0.04,0.66,69),('2025-02-20T21:00:00','OldTown',0,9.17,0.43,1.77,0.76,83),('2025-02-20T22:00:00','Downtown',0,6.06,0.27,1.1,0.71,79),('2025-02-20T23:00:00','Downtown',0,8.67,1.77,3.9,0.82,64),('2025-02-21T00:00:00','OldTown',0,9.02,5.06,5.54,0.82,73),('2025-02-21T01:00:00','OldTown',0,6.73,0,0,0.65,75),('2025-02-21T02:00:00','Midtown',0,6.66,4.34,3.42,0.7,59),('2025-02-21T03:00:00','Midtown',0,6.17,0,1.28,0.84,76),('2025-02-21T04:00:00','Waterfront',0,10.05,3.11,3.31,0.77,79),('2025-02-21T05:00:00','University',0,6.18,0,5.48,0.71,83),('2025-02-21T06:00:00','Waterfront',0,6.99,2.5,3.91,0.76,81),('2025-02-21T07:00:00','University',0,6.6,3.37,2.62,1.54,74),('2025-02-21T08:00:00','OldTown',0,7.75,0.41,4.73,1.83,108),('2025-02-21T09:00:00','Downtown',0,8.6,2.03,0,1.65,86),('2025-02-21T10:00:00','Downtown',0,7,0.25,5.31,0.63,96),('2025-02-21T11:00:00','OldTown',0,6.99,1.66,5.92,0.7,77),('2025-02-21T12:00:00','University',0,8.89,2.84,4.84,0.78,83),('2025-02-21T13:00:00','Midtown',0,7.49,0,6.48,0.82,88),('2025-02-21T14:00:00','University',0,10.42,0.71,2.8,0.93,98),('2025-02-21T15:00:00','Midtown',0,5.61,0.59,5.1,0.84,79),('2025-02-21T16:00:00','OldTown',0,10.59,1.88,1.84,0.94,77),('2025-02-21T17:00:00','University',0,8.4,2.25,2.37,1.55,97),('2025-02-21T18:00:00','Waterfront',0,9.2,4.89,2.97,1.58,62),('2025-02-21T19:00:00','Waterfront',0,8.74,1.1,6.11,1.61,98),('2025-02-21T20:00:00','Downtown',0,7.27,0,3.68,0.61,75),('2025-02-21T21:00:00','OldTown',0,8.6,0,3.28,0.67,81),('2025-02-21T22:00:00','Downtown',0,10.02,0.32,0,0.82,81),('2025-02-21T23:00:00','Downtown',0,8.23,0,5.87,0.78,77),('2025-02-22T00:00:00','Downtown',1,7.3,2.5,0,0.74,81),('2025-02-22T01:00:00','Downtown',1,6.15,3.96,2.1,0.6,74),('2025-02-22T02:00:00','University',1,9.32,0,0.15,0.68,89),('2025-02-22T03:00:00','OldTown',1,6.69,0,1.1,0.71,84),('2025-02-22T04:00:00','Midtown',1,6.56,2.31,6.5,0.76,97),('2025-02-22T05:00:00','OldTown',1,6.36,0,4.13,0.87,108),('2025-02-22T06:00:00','University',1,8.33,2.06,3.42,0.63,81),('2025-02-22T07:00:00','Downtown',1,9.91,3.53,2.79,1.84,90),('2025-02-22T08:00:00','Midtown',1,10.46,0.42,0.69,1.6,90),('2025-02-22T09:00:00','Midtown',1,8.71,0.47,3.61,1.88,109),('2025-02-22T10:00:00','Downtown',1,9.72,0.44,3.56,0.81,80),('2025-02-22T11:00:00','Midtown',1,9.92,1.26,3.26,0.77,96),('2025-02-22T12:00:00','University',1,7.08,0,4.13,0.95,105),('2025-02-22T13:00:00','University',1,10.39,0,2.3,0.7,91),('2025-02-22T14:00:00','Waterfront',1,7.15,3.53,4.08,0.61,74),('2025-02-22T15:00:00','Downtown',1,9.7,1.36,3.04,0.98,102),('2025-02-22T16:00:00','Downtown',1,9.61,0,2.82,0.63,80),('2025-02-22T17:00:00','Downtown',1,8.63,0.06,2.26,1.52,100),('2025-02-22T18:00:00','Downtown',1,7.39,3.33,1.04,1.81,109),('2025-02-22T19:00:00','OldTown',1,7.02,2.43,2.48,1.77,95),('2025-02-22T20:00:00','OldTown',1,5.77,2.27,1.36,0.85,61),('2025-02-22T21:00:00','OldTown',1,5.57,3.11,0.34,0.95,86),('2025-02-22T22:00:00','Downtown',1,6.03,0,0.56,0.61,67),('2025-02-22T23:00:00','University',1,6.04,0.94,2.38,0.92,84),('2025-02-23T00:00:00','University',1,10.05,2.71,4.7,0.74,71),('2025-02-23T01:00:00','Midtown',1,6.75,1.49,3.21,0.72,80),('2025-02-23T02:00:00','Midtown',1,8.11,0.22,1.47,0.83,82),('2025-02-23T03:00:00','OldTown',1,7.09,0.94,1.94,0.6,88),('2025-02-23T04:00:00','Waterfront',1,8.84,2.01,4.16,0.93,86),('2025-02-23T05:00:00','Waterfront',1,6.54,0.98,4.34,0.91,111),('2025-02-23T06:00:00','OldTown',1,6.52,0,3.47,0.79,83),('2025-02-23T07:00:00','Midtown',1,10.4,0,1.45,1.56,96),('2025-02-23T08:00:00','Midtown',1,9.97,2.98,1.75,1.87,88),('2025-02-23T09:00:00','Waterfront',1,8.72,0,3.22,1.88,127),('2025-02-23T10:00:00','Waterfront',1,9.64,0,4.42,0.93,99),('2025-02-23T11:00:00','OldTown',1,5.77,1.21,4.24,0.68,90),('2025-02-23T12:00:00','Waterfront',1,10.19,0,7.19,0.68,98),('2025-02-23T13:00:00','Downtown',1,9.23,2.44,1.64,0.67,89),('2025-02-23T14:00:00','Downtown',1,6.53,1.14,3.92,0.93,99),('2025-02-23T15:00:00','Waterfront',1,7.35,3.19,3.55,0.75,90),('2025-02-23T16:00:00','Downtown',1,8.98,5.81,1.01,1,85),('2025-02-23T17:00:00','OldTown',1,6.28,0,3.78,1.58,101),('2025-02-23T18:00:00','OldTown',1,7.59,0,4.92,1.89,114),('2025-02-23T19:00:00','University',1,8.65,1.75,4.02,1.56,94),('2025-02-23T20:00:00','University',1,5.99,2.23,0,0.94,97),('2025-02-23T21:00:00','University',1,9.38,0.46,3.76,0.85,75),('2025-02-23T22:00:00','Waterfront',1,8.3,1.22,0.12,0.8,69),('2025-02-23T23:00:00','Midtown',1,9.34,1.22,0.73,0.98,84),('2025-02-24T00:00:00','University',0,7.13,0,5.63,0.83,95),('2025-02-24T01:00:00','Midtown',0,8.07,1.49,3.14,0.77,84),('2025-02-24T02:00:00','Midtown',0,8.68,2.8,2.24,0.82,75),('2025-02-24T03:00:00','Waterfront',0,8.43,1.76,3.07,0.8,80),('2025-02-24T04:00:00','University',0,7.99,0,3.42,0.92,81),('2025-02-24T05:00:00','Waterfront',0,8.08,2.81,2.92,0.96,79),('2025-02-24T06:00:00','Downtown',0,10.11,0,2.77,0.91,90),('2025-02-24T07:00:00','Waterfront',0,7.71,0.84,1.27,1.77,90),('2025-02-24T08:00:00','OldTown',0,7.44,2.29,0.22,1.61,73),('2025-02-24T09:00:00','Midtown',0,10.51,0,4.68,1.83,107),('2025-02-24T10:00:00','University',0,10.7,2.52,0,0.6,49),('2025-02-24T11:00:00','University',0,10.32,0,3.45,0.68,99),('2025-02-24T12:00:00','Waterfront',0,8.59,1.88,0,0.89,54),('2025-02-24T13:00:00','Midtown',0,10.26,1.97,0,0.77,81),('2025-02-24T14:00:00','Downtown',0,8.31,0,2.3,0.83,98),('2025-02-24T15:00:00','Midtown',0,8.58,4.31,1.99,0.69,56),('2025-02-24T16:00:00','Downtown',0,9.53,0,4.98,0.82,87),('2025-02-24T17:00:00','OldTown',0,10.73,1.55,5.81,1.63,121),('2025-02-24T18:00:00','Midtown',0,10.72,0,2.11,1.65,102),('2025-02-24T19:00:00','Waterfront',0,7.11,0.99,5.01,1.68,106),('2025-02-24T20:00:00','University',0,6.66,3.01,4.55,0.61,66),('2025-02-24T21:00:00','Waterfront',0,7.21,0,4.68,0.68,78),('2025-02-24T22:00:00','Midtown',0,9.54,1.76,3.29,0.81,88),('2025-02-24T23:00:00','Downtown',0,8.23,4.35,4.05,0.77,69),('2025-02-25T00:00:00','Midtown',0,8.24,2.21,2.23,0.95,69),('2025-02-25T01:00:00','Midtown',0,7.12,4.29,1.46,0.68,57),('2025-02-25T02:00:00','OldTown',0,7.73,2.2,3.05,0.63,57),('2025-02-25T03:00:00','Downtown',0,8.02,3.13,0.89,0.79,62),('2025-02-25T04:00:00','Waterfront',0,10.09,0.32,7.01,0.78,86),('2025-02-25T05:00:00','University',0,8.39,0,4.73,0.77,68),('2025-02-25T06:00:00','Midtown',0,10.96,0.99,0.8,0.96,85),('2025-02-25T07:00:00','OldTown',0,9.98,3.33,7.01,1.56,100),('2025-02-25T08:00:00','OldTown',0,7.98,3.61,1.45,1.79,87),('2025-02-25T09:00:00','Waterfront',0,7.15,3.26,0.72,1.7,94),('2025-02-25T10:00:00','Midtown',0,8.63,1.83,4.17,0.62,90),('2025-02-25T11:00:00','Downtown',0,8.51,1.63,2.9,0.76,57),('2025-02-25T12:00:00','Downtown',0,7.89,0.95,1.95,0.87,67),('2025-02-25T13:00:00','Waterfront',0,9.41,1.65,3.24,0.66,100),('2025-02-25T14:00:00','Midtown',0,10.91,1.36,3.34,0.64,75),('2025-02-25T15:00:00','Midtown',0,7.57,3.34,2.86,0.71,67),('2025-02-25T16:00:00','OldTown',0,8.55,1.3,3.52,0.87,84),('2025-02-25T17:00:00','Waterfront',0,10,3.92,2.11,1.66,63),('2025-02-25T18:00:00','University',0,9.05,0.74,2.63,1.65,98),('2025-02-25T19:00:00','University',0,7.86,2.5,3.47,1.51,88),('2025-02-25T20:00:00','University',0,10.29,5.39,4.95,0.64,74),('2025-02-25T21:00:00','University',0,7.15,0,0,0.73,73),('2025-02-25T22:00:00','Waterfront',0,10.08,2.85,2.2,0.77,73),('2025-02-25T23:00:00','Midtown',0,7.86,2.05,1.58,0.76,76),('2025-02-26T00:00:00','Midtown',0,8.13,0.41,1.65,0.85,99),('2025-02-26T01:00:00','OldTown',0,8.57,2.22,0,0.64,49),('2025-02-26T02:00:00','Midtown',0,11.06,3.26,1.78,0.7,77),('2025-02-26T03:00:00','Waterfront',0,10.53,2.09,6.03,0.73,80),('2025-02-26T04:00:00','OldTown',0,12.06,0.86,2.35,0.61,88),('2025-02-26T05:00:00','University',0,10.41,0.17,3.29,1,101),('2025-02-26T06:00:00','Downtown',0,7.35,1.25,1.97,0.69,67),('2025-02-26T07:00:00','University',0,7.58,1.78,1.82,1.56,93),('2025-02-26T08:00:00','University',0,10.53,1.42,6.21,1.9,87),('2025-02-26T09:00:00','Midtown',0,8.75,2.48,0.9,1.71,73),('2025-02-26T10:00:00','OldTown',0,10.64,1.11,3.43,0.94,81),('2025-02-26T11:00:00','University',0,7.7,2.37,8.19,0.92,72),('2025-02-26T12:00:00','Downtown',0,10.51,0.03,4.19,0.78,107),('2025-02-26T13:00:00','University',0,12.28,1.34,8.89,0.98,107),('2025-02-26T14:00:00','Midtown',0,8.01,0,0.93,0.97,81),('2025-02-26T15:00:00','University',0,9.15,1.92,2.73,0.67,66),('2025-02-26T16:00:00','Waterfront',0,9.15,0,0.58,0.68,84),('2025-02-26T17:00:00','Midtown',0,9.66,0,4.07,1.7,112),('2025-02-26T18:00:00','Waterfront',0,11.51,2.55,0,1.51,69),('2025-02-26T19:00:00','Midtown',0,10.73,3.59,4.85,1.6,104),('2025-02-26T20:00:00','University',0,9.32,0.72,5.51,0.79,78),('2025-02-26T21:00:00','Waterfront',0,8.61,3.67,3.12,0.8,72),('2025-02-26T22:00:00','OldTown',0,10.33,5.02,0.86,0.99,58),('2025-02-26T23:00:00','OldTown',0,8.27,2.69,7.69,0.65,60),('2025-02-27T00:00:00','Midtown',0,8.77,1.57,0,0.91,73),('2025-02-27T01:00:00','Midtown',0,11.18,0,2.53,0.75,86),('2025-02-27T02:00:00','University',0,11.72,1.22,3.53,0.93,75),('2025-02-27T03:00:00','OldTown',0,9.39,0,0.09,0.7,80),('2025-02-27T04:00:00','Midtown',0,11.02,0.64,1.99,0.65,91),('2025-02-27T05:00:00','University',0,10.16,2.76,0,0.81,57),('2025-02-27T06:00:00','Midtown',0,12.6,2.16,4.82,0.88,72),('2025-02-27T07:00:00','Downtown',0,11.19,1.19,2.66,1.87,83),('2025-02-27T08:00:00','Midtown',0,8.85,0,1.43,1.83,98),('2025-02-27T09:00:00','Downtown',0,11.85,2.43,4.21,1.7,96),('2025-02-27T10:00:00','Waterfront',0,8.74,0.47,0.7,0.86,77),('2025-02-27T11:00:00','Downtown',0,9.37,0.11,4.53,0.8,95),('2025-02-27T12:00:00','Waterfront',0,10.74,1.65,1.82,0.62,80),('2025-02-27T13:00:00','Downtown',0,13.44,3.97,4.49,0.97,72),('2025-02-27T14:00:00','OldTown',0,12.92,1.95,4.44,0.75,81),('2025-02-27T15:00:00','Waterfront',0,9.8,2.82,0,0.6,66),('2025-02-27T16:00:00','Downtown',0,12.43,3.58,3.12,1,88),('2025-02-27T17:00:00','Midtown',0,10.59,2.45,0,1.61,81),('2025-02-27T18:00:00','University',0,11.13,0.21,4.81,1.65,133),('2025-02-27T19:00:00','Waterfront',0,13.51,0,2.01,1.52,90),('2025-02-27T20:00:00','University',0,13.22,1.25,2.85,0.95,70),('2025-02-27T21:00:00','University',0,9.03,3.18,4.76,0.98,88),('2025-02-27T22:00:00','Waterfront',0,10.79,0,1.01,0.79,75),('2025-02-27T23:00:00','Waterfront',0,9.08,1.8,2.61,0.92,81),('2025-02-28T00:00:00','Midtown',0,12.43,1.41,5.29,0.9,91),('2025-02-28T01:00:00','Waterfront',0,14.03,0,5.71,0.89,78),('2025-02-28T02:00:00','Downtown',0,12.18,0.34,0,0.95,85),('2025-02-28T03:00:00','OldTown',0,9.83,0,3.49,0.87,78),('2025-02-28T04:00:00','University',0,14.17,0,3.88,0.98,81),('2025-02-28T05:00:00','Midtown',0,10.34,1.45,3.06,0.64,62),('2025-02-28T06:00:00','Waterfront',0,14.3,5.27,3.84,0.73,64),('2025-02-28T07:00:00','OldTown',0,12.71,2.18,5.84,1.77,98),('2025-02-28T08:00:00','OldTown',0,12.6,0,3.18,1.63,104),('2025-02-28T09:00:00','Midtown',0,9.8,3.53,0.57,1.8,103),('2025-02-28T10:00:00','Waterfront',0,12.8,2.22,0,0.77,73),('2025-02-28T11:00:00','Downtown',0,10.02,2.59,5.78,0.97,93),('2025-02-28T12:00:00','OldTown',0,12.49,2.29,4.24,0.75,79),('2025-02-28T13:00:00','Waterfront',0,12.36,0,6.2,0.73,69),('2025-02-28T14:00:00','Downtown',0,13.72,2.06,2.58,0.87,77),('2025-02-28T15:00:00','University',0,12.47,0.74,1.92,0.98,86),('2025-02-28T16:00:00','Downtown',0,12.33,0,3.74,0.66,76),('2025-02-28T17:00:00','OldTown',0,12.87,0,0.8,1.55,124),('2025-02-28T18:00:00','Waterfront',0,12.32,2.2,0.94,1.78,72),('2025-02-28T19:00:00','University',0,10.74,4.75,2.2,1.87,67),('2025-02-28T20:00:00','University',0,13.53,4.61,4.3,0.67,62),('2025-02-28T21:00:00','Waterfront',0,15.04,1.34,1.27,0.87,79),('2025-02-28T22:00:00','OldTown',0,13.92,0,4.55,0.71,87),('2025-02-28T23:00:00','Downtown',0,12.15,0.08,5.27,0.83,103),('2025-03-01T00:00:00','Waterfront',1,14.48,0.7,0.86,0.67,97),('2025-03-01T01:00:00','Downtown',1,14.77,3.31,3.9,0.68,102),('2025-03-01T02:00:00','Midtown',1,12.15,1.72,2.27,0.91,95),('2025-03-01T03:00:00','Midtown',1,13.79,0,3.33,0.74,98),('2025-03-01T04:00:00','Midtown',1,11.34,5.97,4.81,0.86,55),('2025-03-01T05:00:00','OldTown',1,11.72,0,4.48,0.72,102),('2025-03-01T06:00:00','Midtown',1,15.32,0.2,1.41,0.88,99),('2025-03-01T07:00:00','Waterfront',1,14.92,0,2.06,1.76,105),('2025-03-01T08:00:00','OldTown',1,10.7,1.88,3.68,1.76,111),('2025-03-01T09:00:00','OldTown',1,13.56,0.5,1.56,1.8,105),('2025-03-01T10:00:00','Downtown',1,11.66,0,3.29,0.77,90),('2025-03-01T11:00:00','Downtown',1,14.37,0.84,4.61,0.76,86),('2025-03-01T12:00:00','OldTown',1,12.82,2.5,0,0.81,97),('2025-03-01T13:00:00','Downtown',1,14.47,2.54,3.26,0.9,85),('2025-03-01T14:00:00','University',1,11.86,0.28,2.27,0.82,93),('2025-03-01T15:00:00','Downtown',1,13.89,0.32,2.51,0.7,88),('2025-03-01T16:00:00','Downtown',1,11.49,2.27,4.19,0.99,105),('2025-03-01T17:00:00','Waterfront',1,12.36,5.56,7.63,1.86,111),('2025-03-01T18:00:00','Waterfront',1,14.46,0,3.89,1.78,87),('2025-03-01T19:00:00','Downtown',1,14.25,0.45,0,1.77,105),('2025-03-01T20:00:00','University',1,12.46,1.78,4.56,0.93,107),('2025-03-01T21:00:00','OldTown',1,14.28,0.55,2.45,0.77,108),('2025-03-01T22:00:00','Midtown',1,12.65,0,5.93,0.76,107),('2025-03-01T23:00:00','Waterfront',1,16.13,1.89,3.84,0.85,99);
/*!40000 ALTER TABLE `rentals_demanddata` ENABLE KEYS */;
UNLOCK TABLES;

--
-- Table structure for table `rentals_zone`
--

DROP TABLE IF EXISTS `rentals_zone`;
/*!40101 SET @saved_cs_client     = @@character_set_client */;
/*!50503 SET character_set_client = utf8mb4 */;
CREATE TABLE `rentals_zone` (
  `id` int NOT NULL AUTO_INCREMENT,
  `name` varchar(100) NOT NULL,
  PRIMARY KEY (`id`)
) ENGINE=InnoDB AUTO_INCREMENT=6 DEFAULT CHARSET=utf8mb4 COLLATE=utf8mb4_0900_ai_ci;
/*!40101 SET character_set_client = @saved_cs_client */;

--
-- Dumping data for table `rentals_zone`
--

LOCK TABLES `rentals_zone` WRITE;
/*!40000 ALTER TABLE `rentals_zone` DISABLE KEYS */;
INSERT INTO `rentals_zone` VALUES (1,'Midtown'),(2,'OldTown'),(3,'Waterfront'),(4,'University'),(5,'Downtown');
/*!40000 ALTER TABLE `rentals_zone` ENABLE KEYS */;
UNLOCK TABLES;
/*!40103 SET TIME_ZONE=@OLD_TIME_ZONE */;

/*!40101 SET SQL_MODE=@OLD_SQL_MODE */;
/*!40014 SET FOREIGN_KEY_CHECKS=@OLD_FOREIGN_KEY_CHECKS */;
/*!40014 SET UNIQUE_CHECKS=@OLD_UNIQUE_CHECKS */;
/*!40101 SET CHARACTER_SET_CLIENT=@OLD_CHARACTER_SET_CLIENT */;
/*!40101 SET CHARACTER_SET_RESULTS=@OLD_CHARACTER_SET_RESULTS */;
/*!40101 SET COLLATION_CONNECTION=@OLD_COLLATION_CONNECTION */;
/*!40111 SET SQL_NOTES=@OLD_SQL_NOTES */;

-- Dump completed on 2026-05-10 15:58:32
